,origin,country,lat,long,depth_km,magnitude,sec_effects,shaking_death,pde_total,utsu_total,em_total,other_deaths,deaths
1,1900-05-11 17:23,Japan,38.7,141.1,5,7.0,,,,,,,
2,1900-07-12 06:25,Turkey,40.3,43.1,,5.9,,,,140.0,,,140.0
3,1900-10-29 09:11,Venezuela,11.0,-66.0,0,7.7,,,,,,,
4,1901-02-15 00:00,China,26.0,100.1,0,6.5,,,,,,,
5,1901-03-31 07:11,Bulgaria,43.4,28.7,,6.4,,,,4.0,,,4.0
6,1901-08-09 09:23,Japan,40.5,142.5,35,7.2,T,,,,,,
7,1901-11-15 20:15,New Zealand ,-43.0,173.0,0,6.8,,,,1.0,,,1.0
8,1902-01-30 14:01,Japan,40.5,141.3,35,6.9,,,,1.0,,,1.0
9,1902-02-13 09:39,Azerbaijan,40.7,48.6,15,6.9,,,,86.0,,,86.0
10,1902-03-09 07:46,Turkey,40.7,33.6,,5.5,,,,4.0,,,4.0
11,1902-04-19 02:23,Guatemala ,14.0,-91.0,0,7.5,,,,2000.0,2000.0,,2000.0
12,1902-07-03 15:36,China,43.2,129.6,20,6.7,,,,,,,
13,1902-08-22 03:00,China,40.0,77.0,0,7.7,,,,5650.0,,,5650.0
14,1902-09-19,Australia,-35.0,138.0,2,6.0,,,,2.0,,,2.0
15,1902-12-16 05:07,Uzbekistan,40.8,72.3,9,6.4,,,,4725.0,,,4725.0
16,1903-03-29 22:30,Judea and Samaria,32.2,35.3,,5.7,,,,20.0,,,20.0
17,1903-04-28,Turkey ,39.14,42.65,,7.0,,,,,,3500.0,3500.0
18,1903-05-28 03:58,Turkey,40.9,42.7,,5.8,,,,1000.0,,,1000.0
19,1903-08-11 04:32,Greece,36.36,22.97,80,8.3,,,,2.0,,,2.0
20,1903-09-25 01:20,Iran,35.2,58.2,,6.5,,,,200.0,,,200.0
21,1904-04-24 06:39,Taiwan,23.5,120.5,,6.0,,,,3.0,,,3.0
22,1904-08-11 05:56,Greece,37.75,27.0,10,6.2,,,,4.0,,,4.0
23,1904-08-30 11:42,China,30.0,101.0,0,6.8,,,,565.0,,,565.0
24,1904-11-05 20:25,Taiwan ,23.5,120.3,,6.3,,,,145.0,,,145.0
25,1905-04-04 00:50,India,33.0,76.0,0,7.8,,,,20000.0,20000.0,,20000.0
26,1905-06-01 04:42,Albania,42.1,19.6,20,6.6,,,,120.0,,,120.0
27,1905-06-02 05:39,Japan,34.1,132.5,55,7.0,,,,11.0,,,11.0
28,1905-09-08 01:43,Italy ,39.0,16.0,0,6.8,T,,,557.0,2500.0,,2500.0
29,1905-11-08 22:06,Greece,40.0,24.0,0,6.8,,,,,,,
30,1906-01-31 15:36,Ecuador ,1.0,-81.5,0,8.8,T,,,1000.0,400.0,,1000.0
31,1906-03-16 22:42,Taiwan ,23.6,120.4,5,6.8,,,,1258.0,,,1258.0
32,1906-04-13 19:18,Taiwan,23.6,120.4,5,7.1,,,,15.0,,,15.0
33,1906-04-18 13:12,United States ,38.0,-123.0,0,7.8,F,,,700.0,2000.0,,2000.0
34,1906-08-17 00:40,Chile ,-33.0,-72.0,0,8.2,T,,,3760.0,20000.0,,20000.0
35,1906-12-22 18:21,China,43.5,85.0,0,7.2,,,,285.0,,,285.0
36,1907-01-04 05:19,Indonesia,2.0,94.5,50,7.5,T,,,400.0,,,400.0
37,1907-01-14 21:36,Jamaica ,18.2,-76.7,,6.5,T,,,1000.0,,,1000.0
38,1907-04-15 06:08,Mexico,17.0,-100.0,0,7.9,T,,,28.0,,,28.0
39,1907-04-18 20:59,Philippines,14.0,123.0,0,7.1,,,,2.0,,,2.0
40,1907-10-21 04:23,Tajikistan ,38.0,69.0,0,7.2,,,,15000.0,12000.0,,15000.0
41,1908-01-11 03:35,Taiwan,23.0,121.1,5,6.8,,,,2.0,,,2.0
42,1908-12-28 04:20,Italy ,38.0,15.5,0,7.2,T,,,82000.0,75000.0,,82000.0
43,1909-01-19 04:56,Turkey,38.6,26.9,,5.8,,,,8.0,,,8.0
44,1909-01-23,Iran ,33.0,50.0,,7.3,,,,,,8000.0,8000.0
45,1909-02-09 11:24,Turkey,40.0,38.0,60,6.8,,,,,,,
46,1909-04-14 19:53,Taiwan,25.0,122.5,5,7.1,,,,9.0,,,9.0
47,1909-04-23 17:39,Portugal,38.9,-8.8,,6.6,,,,30.0,,,30.0
48,1909-05-11 15:54,China,24.4,103.0,,6.5,,,,19.0,,,19.0
49,1909-06-03 18:40,Indonesia,-2.0,101.0,0,7.2,T,,,200.0,,,200.0
50,1909-06-11,France ,43.7,5.4,,6.2,,,,,,46.0,46.0
51,1909-08-14 06:31,Japan,35.4,136.3,5,6.7,,,,41.0,,,41.0
52,1909-10-20 23:41,Pakistan,30.0,68.0,0,7.0,,,,231.0,,,231.0
53,1909-11-10 06:13,Japan,32.3,131.1,150,7.5,,,,2.0,,,2.0
54,1910-01-08 14:49,China,35.0,122.0,0,6.8,,,,1.0,,,1.0
55,1910-02-18 05:09,Greece,36.0,24.5,150,6.9,,,,6.0,,,6.0
56,1910-04-12 00:22,Japan,25.0,123.0,200,7.6,,,,20.0,,,20.0
57,1910-06-24 13:27,Algeria,36.1,3.4,33,6.4,,,,81.0,,,81.0
58,1911-01-03 23:25,Kazakhstan ,43.5,77.5,0,7.8,,,,450.0,,,450.0
59,1911-02-18 18:41,Kyrgyzstan,40.0,73.0,0,7.2,L,,,90.0,,,90.0
60,1911-04-18 18:14,Iran,32.0,56.0,50,6.7,,,,700.0,,,700.0
61,1911-06-07 11:02,Mexico,17.5,-102.5,0,7.6,,,,1300.0,,,1300.0
62,1911-06-15 14:26,Japan,28.0,130.0,90,8.1,T,,,12.0,,,12.0
63,1912-01-24 16:23,Greece,38.0,20.5,60,6.8,,,,,,,
64,1912-05-06 19:00,Iceland,64.0,-20.0,0,7.0,,,,1.0,,,1.0
65,1912-05-23 02:24,Burma,21.0,97.0,0,7.7,,,,,,,
66,1912-08-09 01:29,Turkey ,40.5,27.0,0,7.6,,,,2836.0,923.0,,2836.0
67,1912-11-19 13:55,Mexico,19.83,-99.92,15,6.7,,,,,,164.0,164.0
68,1913-03-14 08:45,Indonesia,4.5,126.5,0,7.9,T,,,,,,
69,1913-06-14 09:33,Bulgaria,43.5,25.5,0,6.8,,,,500.0,,,500.0
70,1913-08-06 22:14,Peru,-17.0,-74.0,0,7.8,T,,,,,,
71,1913-11-04 21:33,Peru,-14.2,-72.9,10,6.3,,,,150.0,,,150.0
72,1913-12-21 15:37,China,24.5,102.0,0,7.2,,,,1314.0,,,1314.0
73,1914-01-12 09:28,Japan,31.6,130.6,5,6.7,T,,,35.0,,,35.0
74,1914-03-14 20:00,Japan,39.5,140.4,5,7.0,,,,94.0,,,94.0
75,1914-05-08 18:01,Italy,37.7,15.2,,4.9,,,,69.0,,,69.0
76,1914-05-26 14:22,Indonesia,-2.0,137.0,0,7.9,T,,,,,,
77,1914-06-25 19:07,Indonesia,-4.5,102.5,0,7.6,,,,,20.0,,20.0
78,1914-08-04 22:41,China,43.5,91.5,0,7.2,,,,,,,
79,1914-10-03 22:06,Turkey ,37.5,32.5,0,7.1,,,,4000.0,,,4000.0
80,1915-01-13 06:52,Italy ,42.0,13.5,0,6.9,,,,32610.0,29980.0,,32610.0
81,1915-03-17 18:45,Japan,42.1,143.6,35,7.2,,,,2.0,,,2.0
82,1915-06-23 04:56,United States,32.8,-115.5,,6.2,,,,6.0,,,6.0
83,1915-09-07 01:20,El Salvador,14.0,-89.0,80,7.4,,,,7.0,,,7.0
84,1915-12-03 02:39,China,29.5,91.5,0,7.0,,,,170.0,,,170.0
85,1916-08-28 07:27,Taiwan ,23.9,120.5,5,7.2,,,,16.0,,,16.0
86,1916-11-14 22:31,Taiwan ,24.0,121.0,,6.0,,,,1.0,,,1.0
87,1917-01-04 16:55,Taiwan ,21.9,120.9,0,6.5,,,,54.0,,,54.0
88,1917-01-21 23:11,Indonesia,-7.0,116.0,,6.6,T,,,15000.0,,,15000.0
89,1917-01-24 00:48,China,31.0,114.0,0,6.5,,,,,,,
90,1917-01-31 03:39,Philippines,6.0,125.0,,6.4,,,,7.0,,,7.0
91,1917-07-30 23:54,China,29.0,104.0,0,7.3,,,,1879.0,1800.0,,1879.0
92,1917-08-31 11:36,Colombia,4.0,-74.0,0,7.1,,,,,,,
93,1918-02-13 06:07,China ,23.54,117.243,15,7.2,,,,,10000.0,,10000.0
94,1918-04-21 22:32,United States,33.812,-117.44,15,6.8,,,,1.0,,,1.0
95,1918-08-15 12:18,Philippines,5.653,123.56299999999999,35,8.2,,,,,100.0,,100.0
96,1918-09-07 17:15,Russian Federation,46.812,150.253,242.4,7.6,T,,,24.0,,,24.0
97,1918-10-11 14:14,Puerto Rico ,18.473,-67.631,35,7.3,T,,,116.0,116.0,,116.0
98,1919-05-06 19:40,Papua New Guinea,-5.477,152.629,232.8,7.6,T,,,,,,
99,1920-06-05 04:21,Taiwan,23.813000000000002,122.08,35,7.9,,,,5.0,,,5.0
100,1920-01-04 04:22,Mexico,19.27,-97.08,15,6.2,L,,,,,1500.0,1500.0
101,1920-02-20 11:45,Georgia ,42.0,44.1,11,6.2,,,,130.0,,,130.0
102,1920-09-07 05:55,Italy,44.3,10.3,10,5.8,,,,171.0,,,171.0
103,1920-12-16 12:05,China ,36.601,105.31700000000001,25,8.6,,,,235502.0,180000.0,,235502.0
104,1920-12-17 18:59,Argentina ,-32.7,-68.4,10,6.0,,,,400.0,,,400.0
105,1921-08-14,Eritrea ,15.61,39.445,,,,,,,,,
106,1921-11-11 18:36,Philippines,7.897,127.257,35,7.3,,,,600.0,,,600.0
107,1922-04-26 01:11,Japan,35.2,139.8,35,6.8,,,,2.0,,,2.0
108,1922-09-01 19:16,Taiwan,24.506,122.04,35,7.5,,,,5.0,,,5.0
109,1922-10-14 23:45,Taiwan,24.5,122.0,35,6.9,,,,6.0,,,6.0
110,1922-11-11 04:32,Chile ,-28.553,-70.755,35,8.7,T,,,1000.0,1000.0,,1000.0
111,1922-12-07 16:50,Japan,32.7,130.1,5,6.9,,,,26.0,,,26.0
112,1922-12-08 02:02,Japan,32.7,130.1,5,6.5,,,,,,,
113,1923-02-03 16:01,Russian Federation,53.853,160.761,35,8.5,T,,,,,,
114,1923-03-24 12:40,China,30.553,101.258,25,7.2,,,,450.0,5000.0,,5000.0
115,1923-04-13 15:31,Russian Federation,55.415,162.585,35,7.1,T,,,18.0,,,18.0
116,1923-05-25 22:21,Iran,35.2,59.2,,5.7,,,,2219.0,,,2219.0
117,1923-09-01 02:58,Japan ,35.405,139.084,35,7.9,"T,F",,,142807.0,143000.0,105000.0,143000.0
118,1923-09-09 22:03,Bangladesh,24.943,90.32,35,7.1,,,,50.0,,,50.0
119,1923-09-17 07:09,Iran,37.2,57.7,,6.4,,,,157.0,,,157.0
120,1923-09-22 20:47,Iran,29.12,56.928000000000004,35,6.9,,,,290.0,,,290.0
121,1923-12-14 10:31,Colombia,1.0,-77.5,,5.3,,,,300.0,,,300.0
122,1924-01-14 20:50,Japan,35.5,139.2,5,7.3,,,,19.0,,,19.0
123,1924-03-03 08:01,Ecuador,-1.6,-78.6,,6.9,,,,40.0,,,40.0
124,1924-04-14 16:20,Philippines ,7.023,125.954,33,8.3,,,,,,,
125,1924-07-03 04:40,China,36.632,83.90299999999999,35,7.1,,,,255.0,,,255.0
126,1924-07-12 15:12,Kyrgyzstan,40.565,73.39699999999999,25,6.8,,,,41.0,,,41.0
127,1924-09-13 14:34,Turkey ,39.864000000000004,41.876000000000005,35,6.8,,,,30.0,,,30.0
128,1925-03-16 14:42,China,25.688000000000002,100.494,25,7.0,,,,5808.0,5000.0,,5808.0
129,1925-05-23 02:09,Japan,35.6,134.8,5,6.8,F,,,428.0,,,428.0
130,1925-06-29 14:42,United States,34.5,-119.6,,6.2,,,,13.0,,,13.0
131,1925-12-14 00:00,Iran,34.6,58.1,,5.5,,,,500.0,,,500.0
132,1925-12-18 05:53,Iran,28.5,51.2,,5.5,,,,2.0,,,2.0
133,1926-03-18 14:06,Turkey,35.787,29.246,35,6.9,,,,,,,
134,1926-06-26 19:46,Greece,36.605,26.888,101.8,7.7,,,,110.0,,,110.0
135,1926-06-28 03:23,Indonesia,-0.051,101.522,35,6.8,,,,222.0,,,222.0
136,1926-10-22 19:59,Turkey ,40.7,43.7,7,5.7,,,,370.0,,,370.0
137,1926-11-05 07:55,Nicaragua,12.67,-86.736,35,7.1,,,,,,,
138,1927-03-07 09:27,Japan,35.802,134.924,9.6,7.6,"T,F",,,2925.0,2925.0,,2925.0
139,1927-03-20 00:00,China,24.1,102.0,,5.0,,,,7.0,,,7.0
140,1927-04-14 06:23,Argentina,-32.477,-69.675,35,7.2,,,,8.0,,,8.0
141,1927-05-22 22:32,China ,37.385999999999996,102.311,25,7.9,,,,80000.0,200000.0,,200000.0
142,1927-07-11 13:04,Mandatory Palestine and Transjordan ,32.0,35.5,33,6.3,,,,361.0,,,361.0
143,1927-08-24 18:09,Taiwan,23.118000000000002,120.23700000000001,35,6.8,,,,11.0,,,11.0
144,1928-03-22 04:17,Mexico,16.127,-96.505,35,7.5,T,,,,,,
145,1928-03-31 00:29,Turkey,38.1,27.1,,6.5,,,,170.0,,,170.0
146,1928-04-09 17:34,Peru,-13.731,-70.628,35,6.8,,,,10.0,,,10.0
147,1928-04-14 09:00,Bulgaria,42.402,25.666999999999998,15,6.8,,,,107.0,107.0,,107.0
148,1928-04-18 19:22,Bulgaria,42.386,25.087,15,6.8,,,,103.0,,,103.0
149,1928-05-14 22:14,Peru,-5.261,-78.559,35,7.2,,,,29.0,,,29.0
150,1928-08-21 19:01,Iran,37.3,57.9,9,5.4,,,,10.0,,,10.0
151,1928-12-01 04:06,Chile,-35.086,-71.683,35,7.7,T,,,225.0,,,225.0
152,1928-12-19 11:37,Philippines,6.977,124.85600000000001,35,7.3,T,,,93.0,,,93.0
153,1929-01-17 11:45,Venezuela,9.499,-64.381,35,6.9,T,,,,,,
154,1929-05-01 15:37,Turkmenistan ,37.957,57.693000000000005,25,7.1,,,,3257.0,3300.0,,3300.0
155,1929-05-18 06:37,Turkey,40.2,37.9,10,6.5,,,,64.0,,,64.0
156,1929-05-30 09:43,Argentina,-34.768,-67.598,35,6.8,,,,52.0,,,52.0
157,1929-06-16 22:47,New Zealand ,-41.831,172.292,35,7.5,T,,,17.0,,,17.0
158,1929-07-13 07:36,Iran,37.5,58.0,57,5.8,,,,5.0,,,5.0
159,1929-10-19 10:12,Chile,-23.038,-68.737,35,7.4,,,,,,,
160,1929-11-18 20:32,Saint Pierre and Miquelon ,44.538999999999994,-56.008,15,7.3,T,,,52.0,,,52.0
161,1930-05-05 13:45,Burma,17.665,96.54299999999999,35,7.2,"T,F",,,550.0,500.0,,550.0
162,1930-05-06 22:34,Iran ,38.152,44.685,25,7.1,,,,2514.0,2500.0,,2514.0
163,1930-05-14 19:48,China,26.8,103.0,,6.0,,,,42.0,,,42.0
164,1930-07-23 00:08,Italy ,41.05,15.367,,6.6,,,,,,1404.0,1404.0
165,1930-10-30 07:13,Italy,43.75,13.5,,6.0,,,,18.0,,,18.0
166,1930-11-21 02:00,Albania,40.5,19.5,12,6.0,,,,35.0,,,35.0
167,1930-11-25 19:02,Japan,34.977,139.10299999999998,35,6.9,,,,272.0,0.0,,272.0
168,1930-12-02 13:29,Albania,40.3,19.6,4,5.0,,,,25.0,,,25.0
169,1930-12-03 18:51,Burma,17.972,96.42200000000001,35,7.3,,,,22.0,36.0,,36.0
170,1930-12-08 08:01,Taiwan,23.2,120.6,,6.3,,,,4.0,,,4.0
171,1930-12-24 06:02,Argentina,-24.7,-66.3,30,6.0,,,,36.0,,,36.0
172,1930-12-25 19:03,Japan,35.1,133.0,5,7.0,,,,272.0,,,272.0
173,1931-01-15 01:50,Mexico,16.053,-96.61399999999999,35,7.8,,,,68.0,,,68.0
174,1931-02-02 22:46,New Zealand ,-39.772,176.025,35,7.7,T,,,256.0,256.0,,256.0
175,1931-02-10 06:34,Indonesia,-5.433,102.458,35,7.1,,,,18.0,,,18.0
176,1931-03-08 01:50,Kingdom of Yugoslavia,41.336999999999996,22.666,25,6.8,,,,35.0,,,35.0
177,1931-03-31 16:02,Nicaragua ,13.2,-85.7,,5.6,F,,,1000.0,,,1000.0
178,1931-04-27 16:50,Armenia,39.2,46.0,22,6.3,,,,390.0,,,390.0
179,1931-06-07 01:30,England ,54.08,1.5,,6.1,,,,,,1.0,1.0
180,1931-08-10 21:18,China ,46.571000000000005,89.965,35,7.9,,,,10000.0,,,10000.0
181,1931-08-27 15:27,Pakistan,29.473000000000003,67.172,35,7.1,,,,200.0,,,200.0
182,1931-09-21 02:20,Japan,36.021,139.381,35,6.8,,,,16.0,,,16.0
183,1931-10-03 19:13,Solomon Islands,-10.932,161.016,35,7.8,T,,,50.0,,,50.0
184,1931-11-02 10:03,Japan,32.003,131.945,42.2,7.5,T,,,1.0,,,1.0
185,1932-02-03 06:16,Cuba,19.77,-75.85,25,6.8,,,,8.0,,,8.0
186,1932-03-14 22:42,Venezuela,8.149,-71.97399999999999,35,6.8,,,,6.0,,,6.0
187,1932-04-06 09:11,China,31.4,115.0,15,6.0,,,,6.0,,,6.0
188,1932-05-14 13:11,Indonesia,0.258,126.169,35,8.1,,,,5.0,6.0,,6.0
189,1932-05-21 10:10,Nicaragua,12.364,-87.89399999999999,35,6.9,,,,10.0,,,10.0
190,1932-06-03 10:36,Mexico ,19.457,-104.146,25,7.9,T,,,60.0,,,60.0
191,1932-06-18 10:12,Mexico,19.452,-103.632,54.3,7.9,T,,,52.0,,,52.0
192,1932-06-22 12:59,Mexico,19.028,-104.37899999999999,25,6.9,T,,,75.0,,,75.0
193,1932-09-26 19:20,Greece ,40.333,23.732,35,6.9,T,,,491.0,,,491.0
194,1932-12-25 02:04,China ,39.771,96.69,25,7.6,,,,275.0,,,275.0
195,1933-03-02 17:31,Japan ,39.224000000000004,144.622,35,8.4,T,,,3064.0,3008.0,,3064.0
196,1933-03-11 01:55,United States ,33.63,-118.0,,6.4,,,,,,120.0,120.0
197,1933-04-23 05:57,Greece,36.516,27.15,35,6.8,,,,74.0,,,74.0
198,1933-06-24 21:54,Indonesia,-5.522,104.434,35,7.3,,,,76.0,,,76.0
199,1933-08-25 07:50,China ,31.81,103.541,25,7.3,,,,6865.0,,,6865.0
200,1933-11-28 11:09,Iran,32.1,56.0,27,6.3,,,,4.0,,,4.0
201,1934-01-12 13:31,China,23.7,102.7,,6.0,,,,1.0,,,1.0
202,1934-01-15 08:43,Nepal ,26.773000000000003,86.762,35,8.1,,,,10700.0,6000.0,,10700.0
203,1935-01-04 14:41,Turkey ,40.5,27.5,7,6.2,,,,5.0,,,5.0
204,1935-02-25 02:51,Greece,36.084,24.703000000000003,35,6.8,,,,,,,
205,1935-03-05 10:27,Iran,36.3,53.3,,6.0,,,,60.0,,,60.0
206,1935-04-11 23:14,Iran,36.431999999999995,53.621,35,6.8,,,,500.0,,,500.0
207,1935-04-20 22:02,Taiwan ,24.364,120.613,35,7.1,,,,3276.0,3410.0,,3410.0
208,1935-04-28 00:00,China,29.4,102.3,,6.0,,,,2.0,,,2.0
209,1935-05-01,Turkey ,40.38,43.41,7,6.2,,,,,,200.0,200.0
210,1935-05-30 21:32,Pakistan ,28.894000000000002,66.176,35,8.1,,,,60000.0,60000.0,,60000.0
211,1935-07-11 18:35,Japan,35.0,138.0,10,6.3,,,,9.0,,,9.0
212,1936-01-09 09:23,Colombia,1.1,-77.6,,7.0,,,,250.0,,,250.0
213,1936-02-07 08:56,China,35.633,103.265,25,6.8,,,,42.0,,,42.0
214,1936-04-26 23:59,China,28.733,103.49700000000001,25,6.8,,,,,,,
215,1936-05-16 07:05,China,28.675,103.684,25,6.8,,,,550.0,,,550.0
216,1936-08-01 06:24,China,34.2,105.7,,6.0,,,,144.0,,,144.0
217,1936-08-17 00:00,China,26.6,103.0,,5.5,,,,30.0,,,30.0
218,1936-08-23 21:12,Indonesia,5.296,94.759,35,7.1,T,,,91.0,9.0,,91.0
219,1937-07-26 03:47,Mexico,18.523,-95.87799999999999,35,7.2,,,,34.0,,,34.0
220,1937-07-31 20:35,China,35.251999999999995,115.15299999999999,25,6.9,,,,3833.0,,,3833.0
221,1937-08-20 11:59,Philippines,14.318,121.54700000000001,35,7.3,T,,,1.0,,,1.0
222,1937-12-23 13:18,Mexico,17.430999999999997,-98.287,35,7.4,,,,4.0,,,4.0
223,1938-04-19 10:59,Turkey ,39.439,34.015,35,6.8,,,,155.0,149.0,,155.0
224,1938-05-19 17:08,Indonesia,-0.366,119.525,49.4,7.5,T,,,8.0,,,8.0
225,1938-11-05 08:43,Japan,37.009,142.045,35,7.9,T,,,1.0,,,1.0
226,1939-01-25 03:32,Chile ,-36.2,-72.2,0,7.7,,,,28000.0,30000.0,,30000.0
227,1939-04-30 02:55,Solomon Islands,-9.295,159.234,35,7.9,T,,,12.0,,,12.0
228,1939-05-01 05:58,Japan,39.839,139.969,35,7.0,T,,,27.0,,,27.0
229,1939-06-22 19:19,Ghana,5.18,-0.13,13,6.4,,,,22.0,,,22.0
230,1939-09-19 00:00,China,24.4,102.5,,5.5,,,,1.0,,,1.0
231,1939-12-26 23:57,Turkey ,39.77,39.533,35,7.8,,,,32968.0,32962.0,,32968.0
232,1940-04-06 13:43,China,23.9,102.3,,6.0,,,,181.0,,,181.0
233,1940-05-07 22:23,Georgia,41.7,43.8,19,6.0,,,,5.0,,,5.0
234,1940-05-19 04:36,United States ,33.222,-115.697,15,6.9,,,,9.0,9.0,,9.0
235,1940-05-24 16:33,Peru,-11.119000000000002,-77.62899999999999,50.1,7.5,T,,,250.0,249.0,,250.0
236,1940-06-19 00:00,China,24.4,102.5,,5.5,,,,2.0,,,2.0
237,1940-08-01 15:08,Japan,44.508,139.829,35,7.5,T,,,10.0,,,10.0
238,1940-11-10 01:39,Romania ,45.773,26.655,122,7.3,,,,1000.0,980.0,,1000.0
239,1941-01-11 08:32,Yemen,16.4,43.5,,5.9,,,,1200.0,,,1200.0
240,1941-02-16 16:38,Iran,33.5,58.6,,6.3,,,,680.0,,,680.0
241,1941-04-15 19:09,Mexico,18.677,-102.95700000000001,35,7.6,,,,90.0,,,90.0
242,1941-05-05 15:18,China,47.0,127.2,,6.0,,,,132.0,,,132.0
243,1941-05-16 07:14,China,23.514,99.40799999999999,25,6.9,,,,16.0,,,16.0
244,1941-06-26 11:52,India,12.149000000000001,92.478,49.1,7.7,T,,,,,,
245,1941-09-10 21:53,Turkey ,39.5,43.3,28,6.0,,,,500.0,,,500.0
246,1941-10-08 15:24,China,31.7,102.3,,6.0,,,,139.0,,,139.0
247,1941-11-12 10:04,Turkey,39.7,39.4,70,5.9,,,,15.0,,,15.0
248,1941-11-18 16:46,Japan,32.0,132.0,0,7.7,T,,,2.0,,,2.0
249,1941-12-16 19:19,Taiwan ,23.250999999999998,120.391,35,7.1,,,,357.0,,,357.0
250,1941-12-26 14:48,Burma,21.076,99.145,25,7.0,,,,,,,
251,1942-02-01 17:30,China,23.1,100.3,,6.8,,,,90.0,,,90.0
252,1942-05-14 02:13,Ecuador,0.012,-79.902,35,7.8,,,,200.0,200.0,,200.0
253,1942-08-06 23:37,Guatemala,13.78,-90.913,35,7.7,,,,38.0,,,38.0
254,1942-08-24 22:50,Peru,-14.975,-74.92,35,7.7,T,,,30.0,,,30.0
255,1942-08-27 06:14,Albania,41.7,20.4,33,6.0,,,,43.0,,,43.0
256,1942-12-20 14:03,Turkey ,40.671,36.45,35,7.2,,,,3000.0,3000.0,,3000.0
257,1943-01-20 15:32,Turkey,40.8,30.5,,6.6,,,,285.0,,,285.0
258,1943-02-22 09:20,Mexico,17.75,-101.5,0,7.4,,,,11.0,,,11.0
259,1943-04-06 16:07,Chile,-30.75,-72.0,0,8.2,T,,,18.0,,,18.0
260,1943-06-20 15:33,Turkey ,40.6,30.5,15,6.2,,,,336.0,,,336.0
261,1943-07-23 14:53,Indonesia,-9.5,110.0,90,7.6,,,,213.0,213.0,,213.0
262,1943-09-10 08:36,Japan ,35.25,134.0,0,7.0,F,,,1083.0,1083.0,,1083.0
263,1943-11-26 22:20,Turkey ,41.0,34.0,0,7.5,,,,4020.0,2824.0,,4020.0
264,1943-12-02 05:08,Taiwan,22.9,121.5,0,6.5,,,,3.0,,,3.0
265,1944-01-15 23:49,Argentina ,-31.25,-68.75,50,7.1,,,,8000.0,10000.0,,10000.0
266,1944-02-01 03:22,Turkey ,41.5,32.5,0,7.2,,,,3959.0,3959.0,,3959.0
267,1944-03-09 22:12,China,44.0,84.0,0,7.1,,,,4.0,,,4.0
268,1944-04-05 00:00,Iran,36.8,54.5,7,4.8,,,,20.0,,,20.0
269,1944-10-06 21:34,Turkey,39.4,26.7,,6.8,,,,30.0,,,30.0
270,1944-12-07 04:35,Japan ,33.75,136.0,0,8.1,T,,,1251.0,998.0,,1251.0
271,1945-01-12 18:38,Japan ,34.75,136.75,0,6.8,T,,,2306.0,1961.0,,2306.0
272,1945-02-10 04:57,Japan,41.25,142.5,50,7.1,T,,,2.0,,,2.0
273,1945-03-20 07:59,Turkey,37.4,35.8,60,6.0,,,,300.0,,,300.0
274,1945-09-13 11:17,Chile,-33.25,-70.5,100,7.0,,,,4.0,,,4.0
275,1945-09-23 15:34,China,39.5,119.0,,6.3,,,,600.0,,,600.0
276,1945-11-27 21:56,Pakistan ,24.5,63.0,0,8.0,T,,,300.0,4000.0,,4000.0
277,1946-02-12 02:43,Algeria,36.0,5.0,,6.0,,,,277.0,,,277.0
278,1946-02-21 15:43,Turkey,38.2,31.8,60,5.6,,,,12.0,,,12.0
279,1946-04-01 12:28,United States ,52.75,-163.5,0,7.3,T,,,173.0,165.0,,173.0
280,1946-05-31 03:12,Turkey ,39.3,41.2,,5.9,,,,1300.0,,,1300.0
281,1946-06-23 17:13,Canada ,49.75,-124.5,0,7.6,T,,,1.0,,,1.0
282,1946-08-02 19:18,Chile,-26.5,-70.5,50,7.1,,,,2.0,,,2.0
283,1946-08-04 17:51,Dominican Republic ,19.25,-69.0,0,7.9,T,,,100.0,73.0,,100.0
284,1946-11-02 18:28,Kyrgyzstan,41.5,72.5,0,7.3,,,,,,,
285,1946-11-04 21:47,Turkmenistan,39.75,54.5,0,7.1,,,,400.0,,,400.0
286,1946-11-10 17:42,Peru,-8.5,-77.5,0,6.8,,,,1400.0,1400.0,,1400.0
287,1946-12-04 22:46,Taiwan ,22.5,122.5,0,6.6,,,,74.0,,,74.0
288,1946-12-20 19:19,Japan ,32.5,134.5,0,8.1,"T,F",,,1330.0,2000.0,,2000.0
289,1947-03-26 20:48,China,25.0,102.0,,5.5,,,,4.0,,,4.0
290,1947-09-23 12:28,Iran,33.0,59.0,0,6.8,,,,500.0,,,500.0
291,1947-09-26 16:01,Japan,24.75,123.0,110,7.4,,,,5.0,,,5.0
292,1947-10-06 19:55,Greece,37.0,22.0,0,6.9,T,,,,,,
293,1947-11-01 14:58,Peru,-10.5,-75.0,0,7.7,,,,233.0,233.0,,233.0
294,1948-01-24 17:46,Philippines,10.5,122.0,0,8.1,T,,,72.0,27.0,,72.0
295,1948-05-11 08:55,Peru,-17.5,-70.25,70,7.4,,,,4.0,,,4.0
296,1948-05-25 07:11,China,29.5,100.5,0,7.2,,,,737.0,,,737.0
297,1948-05-28 05:36,Peru,-13.0,-76.5,60,7.0,,,,4.0,,,4.0
298,1948-06-15 11:44,Japan,33.75,135.25,0,6.9,,,,2.0,,,2.0
299,1948-06-27 00:08,China,26.4,99.7,,6.8,,,,280.0,,,280.0
300,1948-06-28 07:13,Japan ,36.5,136.0,0,7.0,F,,,3769.0,5131.0,,5131.0
301,1948-06-30 12:21,Greece,38.5,20.5,33,6.4,,,,6.0,,,6.0
302,1948-08-25 06:09,Argentina ,-24.5,-65.0,50,6.9,,,,5.0,,,5.0
303,1948-10-05 20:12,Turkmenistan ,37.5,58.0,0,7.2,,,,19800.0,110000.0,,110000.0
304,1948-10-08 19:01,China,27.4,104.0,,5.8,,,,9.0,,,9.0
305,1948-12-04 00:22,Mexico,22.0,-106.5,0,6.9,,,,4.0,,,4.0
306,1949-02-23 16:08,China,41.0,83.5,0,7.3,,,,12.0,,,12.0
307,1949-04-13 19:55,United States ,47.25,-122.5,60,6.5,,,,8.0,8.0,,8.0
308,1949-04-20 03:29,Chile,-38.0,-73.5,70,7.1,,,,57.0,,,57.0
309,1949-07-10 03:53,Tajik Soviet Socialist Republic ,39.0,70.5,0,7.6,,,,12000.0,,,12000.0
310,1949-07-23 15:03,Turkey,38.6,26.3,0,6.8,T,,,7.0,,,7.0
311,1949-08-05 19:08,Ecuador ,-1.5,-78.25,0,6.8,,,,6000.0,6000.0,,6000.0
312,1949-08-17 18:44,Turkey ,39.5,40.6,0,6.8,,,,320.0,437.0,,437.0
313,1949-12-17 06:53,Chile ,-54.0,-71.0,0,7.8,,,,1.0,,,1.0
314,1949-12-17 15:07,Chile,-54.0,-71.0,0,7.8,,,,3.0,,,3.0
315,1949-12-29 03:03,Philippines,18.0,121.0,0,7.2,T,,,15.0,,,15.0
316,1950-05-21 18:37,Peru,-13.5,-72.0,,6.0,,,,120.0,,,120.0
317,1950-06-19 12:36,Indonesia,-6.25,112.0,0,6.8,,,,16.0,,,16.0
318,1950-08-03 22:18,Venezuela,10.5,-68.0,8,6.8,,,,100.0,,,100.0
319,1950-08-15 14:09,China ,28.5,96.5,0,8.6,L,,,3300.0,1500.0,,3300.0
320,1950-12-09 21:38,Chile,-23.5,-67.5,100,7.7,,,,4.0,,,4.0
321,1951-07-09 00:04,Mexico,16.1,-96.8,50,6.2,,,,1.0,,,1.0
322,1951-08-13 18:33,Turkey ,40.8,33.4,0,6.7,,,,50.0,,,50.0
323,1951-10-21 21:34,Taiwan ,23.75,121.5,0,7.5,,,,68.0,,,68.0
324,1951-11-24 18:50,Taiwan ,23.0,122.5,0,7.3,,,,17.0,,,17.0
325,1952-01-03 06:03,Turkey ,39.9,41.7,,6.0,,,,103.0,,,103.0
326,1952-03-04 01:22,Japan,42.5,143.0,0,8.1,T,,,33.0,30.0,,33.0
327,1952-06-11 00:31,Argentina ,-31.581,-68.467,25,6.5,,,,5.0,,,5.0
328,1952-07-17 16:09,Japan,34.4,135.8,64,6.8,,,,9.0,,,9.0
329,1952-07-21 11:52,United States ,34.949,-119.046,10,7.3,,,,12.0,14.0,,14.0
330,1952-08-17 16:02,China,30.796999999999997,91.648,10,7.7,,,,54.0,,,54.0
331,1952-08-22 22:41,United States,35.333,-118.917,16,5.8,,,,2.0,,,2.0
332,1952-10-22 00:00,Turkey,36.5,35.5,,5.0,,,,10.0,,,10.0
333,1952-11-04 16:58,Russian Federation ,52.755,160.05700000000002,22.2,9.0,T,,,,,,
334,1953-01-25 19:47,Haiti,18.4,-73.4,,5.7,,,,2.0,,,2.0
335,1953-02-12 08:15,Iran,35.4,55.1,,6.4,,,,973.0,,,973.0
336,1953-03-18 19:06,Turkey ,40.12,27.621,15,7.2,,,,1103.0,1200.0,,1200.0
337,1953-05-06 17:16,Chile,-37.254,-72.92,68.4,7.5,T,,,19.0,,,19.0
338,1953-08-12 09:23,Greece ,38.046,20.766,15,7.2,,,,800.0,455.0,,800.0
339,1953-09-10 04:06,Cyprus,35.0,32.5,,6.5,,,,40.0,,,40.0
340,1953-09-14 00:26,Fiji ,-18.3,178.2,33,6.8,T,,,8.0,,,8.0
341,1953-12-12 17:31,Peru,-3.597,-80.847,19,7.5,T,,,7.0,7.0,,7.0
342,1954-02-11 00:30,China,38.876,101.212,35,7.1,,,,47.0,,,47.0
343,1954-04-30 13:02,Greece,39.187,22.239,25,6.8,,,,31.0,,,31.0
344,1954-07-02 02:45,Philippines,13.0,123.9,0,6.8,,,,22.0,13.0,,22.0
345,1954-08-20 15:30,Iran,27.5,52.0,,5.0,,,,1.0,,,1.0
346,1954-09-09 01:04,Algeria,36.2,1.6,0,6.7,,,,1409.0,1250.0,,1409.0
347,1955-03-31 18:17,Philippines,7.386,122.87799999999999,54.2,7.7,,,,465.0,400.0,,465.0
348,1955-04-14 01:29,China,29.980999999999998,101.613,10,7.5,,,,94.0,39.0,,94.0
349,1955-04-15 03:40,China,39.816,74.64,35,7.1,,,,5.0,,,5.0
350,1955-04-19 20:24,Chile,-29.9,-71.6,0,6.9,T,,,1.0,,,1.0
351,1955-04-21 07:18,Greece,39.5,23.0,,6.0,,,,7.0,,,7.0
352,1955-07-16 07:07,Turkey,37.6,27.2,0,6.8,,,,23.0,,,23.0
353,1955-09-12 06:09,Egypt,32.2,29.6,33,6.7,,,,18.0,20.0,,20.0
354,1955-09-01 17:33,Costa Rica,10.0,-84.5,,5.8,,,,10.0,,,10.0
355,1955-09-23 15:06,China,26.6,101.7,0,6.9,,,,593.0,,,593.0
356,1956-01-12 05:46,Hungary,47.5,19.3,,5.8,,,,2.0,,,2.0
357,1956-02-20 20:31,Turkey,40.0,30.5,,5.8,,,,4.0,,,4.0
358,1956-03-16 19:32,Syrian Arab Republic,35.5,35.5,,5.8,,,,148.0,,,148.0
359,1956-06-09 23:13,Afghanistan,35.042,67.479,35,7.6,L,,,350.0,100.0,,350.0
360,1956-07-09 03:11,Greece,36.617,26.026,35,7.8,T,,,53.0,,,53.0
361,1956-07-16 15:07,Burma,21.969,95.802,32.1,7.1,,,,38.0,,,38.0
362,1956-07-21 15:32,India,23.0,70.0,,6.1,,,,111.0,,,111.0
363,1956-09-29 23:20,Japan,35.641999999999996,140.31,67,6.9,,,,1.0,,,1.0
364,1956-10-31 14:03,Iran,27.283,54.405,35,6.8,,,,410.0,,,410.0
365,1957-02-20 04:41,Tunisia,36.2,8.9,,5.6,,,,13.0,,,13.0
366,1957-02-23 20:26,Taiwan,23.916999999999998,121.51700000000001,56.8,7.2,,,,7.0,,,7.0
367,1957-03-08 12:21,Greece,39.266999999999996,22.607,10,6.9,,,,2.0,,,2.0
368,1957-04-25 02:25,Turkey,36.387,28.609,63.4,7.0,,,,67.0,,,67.0
369,1957-05-26 06:33,Turkey ,40.672,31.041999999999998,15,7.2,,,,500.0,53.0,,500.0
370,1957-07-02 00:42,Iran,36.09,52.701,35,7.1,,,,1200.0,2500.0,,2500.0
371,1957-07-28 08:40,Mexico,16.881,-99.29700000000001,37.2,7.8,T,,,160.0,160.0,,160.0
372,1957-12-04 03:37,Mongolia,45.153,99.206,35,8.1,,,,,,,
373,1957-12-13 01:45,Iran,34.278,47.711999999999996,35,6.8,,,,2000.0,3000.0,,3000.0
374,1958-01-15 19:14,Peru,-16.779,-72.503,68.6,7.0,,,,28.0,28.0,,28.0
375,1958-01-19 14:07,Ecuador,1.054,-79.48,35,7.8,T,,,20.0,,,20.0
376,1958-02-07 23:23,China,31.576999999999998,103.912,14.2,6.8,,,,,,,
377,1958-03-11 00:26,Japan,24.433000000000003,124.351,109.9,7.2,,,,2.0,,,2.0
378,1958-04-14 21:32,Ecuador,0.706,-79.575,35,6.8,,,,3.0,,,3.0
379,1958-07-10 06:15,US Territory of Alaska,58.37,-136.665,35,7.3,T,,,5.0,,,5.0
380,1958-08-16 19:13,Iran,34.259,47.869,35,6.7,,,,200.0,191.0,,200.0
381,1958-09-04 21:51,Chile,-33.785,-70.112,35,6.8,,,,7.0,,,7.0
382,1958-10-20 01:12,Indonesia,-9.5,112.5,100,6.7,,,,7.0,,,7.0
383,1959-04-26 20:40,Japan,24.686999999999998,122.792,126.3,7.5,,,,1.0,,,1.0
384,1959-05-04 07:15,Russian Federation,53.351000000000006,159.645,35,8.0,T,,,1.0,,,1.0
385,1959-05-24 19:17,Mexico,17.45,-97.145,69.6,7.0,,,,5.0,,,5.0
386,1959-06-14 00:12,Chile,-20.369,-68.881,111.6,7.5,,,,1.0,,,1.0
387,1959-08-15 08:57,Taiwan ,21.951999999999998,120.97,25,7.2,,,,17.0,,,17.0
388,1959-08-18 06:37,United States ,44.548,-110.63600000000001,15,7.3,,,,28.0,28.0,,28.0
389,1959-08-26 08:25,Mexico,18.16,-94.417,32.4,6.9,,,,25.0,,,25.0
390,1959-09-01 11:37,Albania,40.9,19.8,11,6.1,,,,2.0,,,2.0
391,1960-01-13 15:40,Peru,-15.814,-72.788,95.4,7.5,,,,63.0,57.0,,63.0
392,1960-01-15 09:30,Peru,-14.960999999999999,-75.16199999999999,97.2,6.9,,,,63.0,,,63.0
393,1960-02-21 08:13,Algeria,36.0,4.1,33,5.6,,,,47.0,,,47.0
394,1960-02-29 23:40,Morocco ,30.5,-9.5,,5.7,,,,13100.0,,,13100.0
395,1960-04-24 12:14,Iran,28.0,54.5,,6.0,,,,420.0,,,420.0
396,1960-05-22 10:30,Chile,-37.963,-73.173,38,6.8,T,,,,,,
397,1960-05-22 19:11,Chile ,-38.235,-73.047,35,9.5,T,,,5700.0,6000.0,,6000.0
398,1960-09-22 09:05,Democratic Republic of the Congo,-3.6,29.0,28,6.6,,,,24.0,,,24.0
399,1960-11-20 22:02,Peru,-6.727,-80.60600000000001,52,7.8,T,,,11.0,,,11.0
400,1961-02-26 18:10,Japan,31.631999999999998,131.548,49.9,7.7,T,,,2.0,,,2.0
401,1961-06-01 23:29,Ethiopia,10.44,39.858000000000004,23.9,6.6,,,,30.0,,,30.0
402,1961-06-11 05:10,Iran,27.865,54.558,35,6.8,,,,61.0,,,61.0
403,1961-08-19 05:33,Japan,36.07,136.7,35,6.9,,,,8.0,,,8.0
404,1961-12-20 13:25,Colombia,4.587,-75.542,162.9,6.9,,,,23.0,,,23.0
405,1962-01-08 01:00,Dominican Republic,18.291,-70.461,32.6,6.7,,,,1.0,,,1.0
406,1962-05-11 14:11,Mexico,17.171,-99.65100000000001,35,7.3,T,,,4.0,,,4.0
407,1962-05-19 14:58,Mexico,17.008,-99.764,35,6.7,T,,,30.0,,,30.0
408,1962-07-30 20:19,Colombia,5.096,-76.626,150,6.9,,,,47.0,,,47.0
409,1962-08-28 10:59,Greece,37.874,22.737,107.7,6.8,,,,1.0,,,1.0
410,1962-09-01 19:20,Iran ,35.556,49.81,17.6,6.9,,,,12225.0,12000.0,,12225.0
411,1963-02-13 08:50,Taiwan,24.355999999999998,122.06,35,7.3,T,,,15.0,,,15.0
412,1963-07-16 18:27,Georgia,43.163000000000004,41.527,35,6.7,,,,2.0,,,2.0
413,1963-09-24 16:30,Peru,-10.694,-78.212,65.3,6.9,,,,1.0,,,1.0
414,1963-06-26 04:17,Macedonia ,,,?,6.1,,,1100.0,,,,1100.0
415,1964-01-08 22:30,Indonesia,-3.737,119.419,60,5.5,,,,8.0,,,8.0
416,1964-01-18 12:04,Taiwan ,23.15,120.656,21,6.4,,,,106.0,107.0,,107.0
417,1964-03-28 03:36,United States ,61.016999999999996,-147.648,6.6,9.2,T,,,131.0,131.0,,131.0
418,1964-04-02 01:11,Indonesia,5.987,95.404,129.2,5.6,T,,,110.0,,,110.0
419,1964-05-07 05:45,Tanzania,-3.93,35.111999999999995,31.6,6.3,,,,1.0,4.0,,4.0
420,1964-06-14 12:15,Turkey,38.08,38.475,10.4,5.5,,,,8.0,,,8.0
421,1964-06-16 04:01,Japan ,38.434,139.226,13.1,7.5,"T,F",,,26.0,25.0,,26.0
422,1964-07-06 07:22,Mexico,18.194000000000003,-100.51,92.7,7.2,,,,30.0,,,30.0
423,1964-10-06 14:31,Turkey,40.25,28.208000000000002,31,6.0,,,,23.0,23.0,,23.0
424,1965-01-24 00:11,Indonesia ,-2.455,125.965,28.4,8.2,T,,,71.0,,,71.0
425,1965-02-23 22:11,Chile,-25.666999999999998,-70.71,38.5,6.5,,,,1.0,,,1.0
426,1965-03-09 17:57,Greece,39.229,23.825,4.7,5.6,,,,2.0,38.0,,38.0
427,1965-03-28 16:33,Chile,-32.492,-71.212,69.9,7.4,,,,337.0,400.0,,400.0
428,1965-03-31 09:47,Greece,38.339,22.299,50.3,6.3,,,,6.0,,,6.0
429,1965-04-19 23:42,Japan,34.842,138.278,38.7,5.6,,,,2.0,,,2.0
430,1965-04-29 15:28,United States,47.317,-122.335,65.4,6.5,,,,7.0,7.0,,7.0
431,1965-07-06 03:18,Greece,38.391,22.426,23.3,5.8,T,,,1.0,,,1.0
432,1965-08-23 19:46,Mexico ,16.178,-95.846,10.5,7.4,T,,,5.0,,,5.0
433,1965-11-13 04:33,China,43.84,87.755,51.6,7.0,,,,7.0,,,7.0
434,1966-02-05 02:01,Greece,39.044000000000004,21.756999999999998,21.4,6.2,,,,1.0,,,1.0
435,1966-02-05 15:12,China,26.16,103.171,9.2,5.6,,,,371.0,,,371.0
436,1966-03-07 21:29,China,37.388000000000005,114.963,7.7,6.6,,,,,0.0,,0.0
437,1966-03-12 16:31,Japan,24.307,122.695,28.9,7.4,T,,,7.0,,,7.0
438,1966-03-20 01:42,Democratic Republic of the Congo,0.8420000000000001,29.873,15,7.2,,,,200.0,128.0,,200.0
439,1966-03-22 08:11,China ,37.551,114.991,17.7,5.6,,,,8064.0,,,8064.0
440,1966-04-25 23:22,Uzbekistan ,,,,5.0,,,,,10.0,,10.0
441,1966-06-27 10:41,Nepal,29.554000000000002,80.854,22.7,6.0,,,,80.0,80.0,,80.0
442,1966-08-01 21:02,Pakistan,30.051,68.62899999999999,9.8,7.0,,,,2.0,,,2.0
443,1966-08-15 02:15,India,28.616,78.892,25,5.6,,,,15.0,,,15.0
444,1966-08-19 12:22,Turkey ,39.161,41.58,17.5,5.8,,,,2517.0,2394.0,,2517.0
445,1966-09-28 14:00,China,27.456999999999997,100.089,5.5,5.8,,,,32.0,,,32.0
446,1966-10-17 21:41,Peru,-10.807,-78.684,20.7,8.2,T,,,110.0,120.0,,120.0
447,1966-10-29 02:39,Greece,38.874,21.176,11.3,5.7,,,,1.0,,,1.0
448,1966-12-28 08:18,Chile,-25.502,-70.655,30,7.7,T,,,3.0,4.0,,4.0
449,1967-02-09 15:24,Colombia,2.889,-74.79899999999999,40.4,7.2,,,,98.0,61.0,,98.0
450,1967-02-19 22:14,Indonesia,-9.168,112.946,97.9,5.9,,,,54.0,54.0,,54.0
451,1967-03-27 08:58,China,38.516,116.601,26.8,5.5,,,,9.0,,,9.0
452,1967-04-12 04:51,Indonesia,5.084,96.23200000000001,18.6,6.1,T,,,14.0,,,14.0
453,1967-05-01 07:09,Greece,39.552,21.291,13,5.9,,,,9.0,,,9.0
454,1967-07-22 16:56,Turkey ,40.632,30.74,4.2,7.4,,,,173.0,183.0,,183.0
455,1967-07-26 18:52,Turkey,39.501999999999995,40.408,8.7,5.6,,,,110.0,,,110.0
456,1967-07-29 10:24,Colombia,6.787999999999999,-73.07300000000001,160.9,5.9,,,,20.0,,,20.0
457,1967-07-29 20:05,Venezuela ,10.555,-67.31,23.7,6.5,,,,240.0,240.0,,240.0
458,1967-08-30 04:22,China,31.631,100.23200000000001,8.1,7.0,,,,39.0,,,39.0
459,1967-10-25 00:59,Taiwan,24.464000000000002,122.221,67.1,7.0,,,,2.0,,,2.0
460,1967-11-30 07:23,Albania,41.379,20.456,36.5,5.8,,,,18.0,7.0,,18.0
461,1967-12-10 22:51,India ,17.394000000000002,73.774,10.7,6.3,,,,180.0,177.0,,180.0
462,1967-12-21 02:25,Chile,-21.864,-69.94800000000001,42.5,7.4,T,,,1.0,,,1.0
463,1968-01-14,Italy ,38.0,13.0,,6.4,,,,,,380.0,380.0
464,1968-02-19 22:45,Greece,39.372,24.945999999999998,8.1,7.2,T,,,20.0,19.0,,20.0
465,1968-04-01 00:42,Japan,32.482,132.192,30.2,7.5,T,,,1.0,,,1.0
466,1968-05-16 00:49,Japan,40.903,143.346,25.8,8.3,T,,,52.0,47.0,,52.0
467,1968-05-23 17:24,New Zealand,-41.743,172.123,46.7,7.2,,,,3.0,,,3.0
468,1968-06-19 08:13,Peru,-5.558,-77.15100000000001,15.6,6.9,,,,46.0,11.0,,46.0
469,1968-07-02 03:44,Mexico,17.515,-100.259,58.3,5.7,,,,1.0,,,1.0
470,1968-08-01 20:19,Philippines ,16.384,122.07799999999999,52.2,7.7,T,,,207.0,271.0,,271.0
471,1968-08-02 14:06,Mexico,16.494,-97.771,49.8,7.3,,,,18.0,,,18.0
472,1968-08-14 22:14,Indonesia,0.057999999999999996,119.69,18.8,7.3,T,,,392.0,,,392.0
473,1968-08-31 10:47,Iran ,34.045,58.96,12.3,7.2,,,,15000.0,10000.0,,15000.0
474,1968-09-01 07:27,Iran ,34.071999999999996,58.211999999999996,8.8,6.3,,2000,2000.0,900.0,10000.0,,10000.0
475,1968-09-03 08:19,Turkey,41.771,32.452,4.9,5.7,T,25,25.0,29.0,29.0,,29.0
476,1968-09-20 06:00,Venezuela,10.731,-62.718999999999994,102.6,6.2,T,2,2.0,3.0,,,3.0
477,1968-09-25 10:38,Mexico,15.550999999999998,-92.66,122.4,5.8,T,15,15.0,48.0,15.0,,48.0
478,1969-02-11 22:08,China,41.426,79.23899999999999,13.1,7.1,,,,2.0,,,2.0
479,1969-02-23 00:37,Indonesia,-3.179,118.79899999999999,60.6,5.9,T,,,600.0,,,600.0
480,1969-02-28 02:40,Portugal ,35.923,-10.568,32.5,7.8,T,13,13.0,13.0,,,13.0
481,1969-03-28 01:48,Turkey,38.535,28.467,9.3,6.4,,53,53.0,53.0,41.0,,53.0
482,1969-03-29 09:15,Ethiopia,11.939,41.218999999999994,12,6.3,,24,24.0,40.0,24.0,,40.0
483,1969-03-31 07:15,Egypt,27.511,33.936,3.5,6.8,,2,2.0,2.0,,,2.0
484,1969-07-18 05:24,China ,38.421,119.45299999999999,12,7.2,,,,10.0,,,10.0
485,1969-07-25 22:49,China ,21.612,111.809,3.4,5.9,,3000,3000.0,33.0,3000.0,,3000.0
486,1969-09-09 05:15,Japan,35.786,137.093,7.5,6.0,,0,0.0,1.0,,,1.0
487,1969-09-29 20:03,South Africa,-33.19,19.336,15,6.3,,12,12.0,12.0,9.0,,12.0
488,1969-10-01 05:05,Peru,-11.835,-75.195,6.5,6.2,,136,136.0,136.0,150.0,,150.0
489,1969-10-02 06:19,United States ,38.3,-122.764,15,5.7,,,,1.0,,,1.0
490,1969-10-26 15:36,Bosnia and Herzegovina,44.806999999999995,17.352999999999998,15,5.6,,14,14.0,20.0,15.0,,20.0
491,1969-10-27 08:10,Bosnia and Herzegovina,44.836999999999996,17.234,15,6.1,,,,9.0,,,9.0
492,1970-01-04 17:00,China ,24.147,102.462,14,7.2,,,,15621.0,10000.0,,15621.0
493,1970-01-20 17:33,Japan,42.523,143.024,34.9,6.4,,1,1.0,,,,1.0
494,1970-02-05 22:05,Philippines,12.6,122.05799999999999,7.7,6.6,,3,3.0,3.0,,,3.0
495,1970-03-28 21:02,Turkey ,39.172,29.55,24.2,7.4,,1086,1086.0,1086.0,1086.0,,1086.0
496,1970-04-07 05:34,Philippines,15.772,121.65899999999999,28.3,7.2,,14,14.0,15.0,14.0,,15.0
497,1970-05-14 09:20,Russian Federation,43.07899999999999,47.08,13.2,5.5,,,,,,,
498,1970-05-14 18:12,Russian Federation,43.102,47.071000000000005,12.7,6.5,,,,,,,
499,1970-05-31 20:23,Peru ,-9.248,-78.84,73,7.9,L,0,70000.0,66794.0,66794.0,,70000.0
500,1970-06-05 04:53,Kyrgyzstan,42.492,78.719,4,6.6,,,,,,,
501,1970-07-30 00:52,Iran,37.836,55.887,10.9,6.6,,176,176.0,220.0,176.0,,220.0
502,1970-07-31 17:08,Colombia,-1.486,-72.563,644.6,8.0,,1,1.0,1.0,,,1.0
503,1970-10-31 17:53,Papua New Guinea ,-4.907,145.471,8.1,7.3,"T,L",15,15.0,5.0,15.0,,15.0
504,1970-11-14 07:58,Taiwan,22.839000000000002,121.363,27.6,6.1,,2,2.0,2.0,,,2.0
505,1970-12-10 04:34,Peru,-4.079,-80.66199999999999,20.1,7.1,,81,81.0,81.0,29.0,,81.0
506,1971-02-09 14:00,United States ,34.400999999999996,-118.39200000000001,6.4,6.7,"L,Lq",65,65.0,58.0,65.0,,65.0
507,1971-04-03 04:49,China,32.178000000000004,95.02799999999999,15,5.6,,,,1.0,,,1.0
508,1971-04-12 19:03,Iran,28.264,55.608000000000004,5.6,5.9,,,,1.0,,,1.0
509,1971-04-28 15:32,China,22.953000000000003,100.993,8,6.3,,,,2.0,,,2.0
510,1971-05-12 06:25,Turkey,37.555,29.746,28.8,5.9,,100,100.0,57.0,,,100.0
511,1971-05-22 16:44,Turkey ,38.868,40.542,3.6,6.7,,1000,1000.0,995.0,878.0,,1000.0
512,1971-06-17 21:00,Chile,-25.423000000000002,-69.05199999999999,90.1,7.2,,1,1.0,1.0,,,1.0
513,1971-07-09 03:03,Chile,-32.558,-71.085,59,7.8,T,83,83.0,83.0,85.0,,85.0
514,1971-07-14 06:11,Papua New Guinea,-5.519,153.906,44.5,8.0,T,0,1.0,2.0,,,2.0
515,1971-07-26 01:48,China,39.848,77.24600000000001,41.1,5.8,,,,1.0,,,1.0
516,1971-07-27 02:02,Ecuador,-2.825,-77.362,94.5,7.3,,1,1.0,1.0,,,1.0
517,1971-08-16 04:58,China,28.879,103.67200000000001,22.7,5.5,,,,10.0,,,10.0
518,1971-10-12 09:45,Guatemala,15.797,-91.137,35.5,5.7,,,,2.0,,,2.0
519,1971-10-15 10:33,Peru,-14.183,-73.399,80,5.7,,5,5.0,14.0,,,14.0
520,1971-10-27 17:58,Vanuatu,-15.578,167.32,60.9,6.3,,1,1.0,1.0,,,1.0
521,1972-01-25 02:06,Taiwan,22.549,122.325,10.1,7.5,T,1,1.0,1.0,,,1.0
522,1972-03-20 07:33,Peru,-6.81,-76.78,49.8,6.9,,7,7.0,7.0,,,7.0
523,1972-04-10 02:06,Iran ,28.408,52.788999999999994,6,6.7,,5054,5054.0,5010.0,5057.0,,5057.0
524,1972-04-24 09:57,Taiwan ,23.604,121.53399999999999,21,6.9,,4,4.0,5.0,,,5.0
525,1972-06-24 15:29,Afghanistan,36.255,69.684,31.1,6.1,,11,11.0,11.0,,,11.0
526,1972-09-03 16:48,Pakistan,35.949,73.321,32.9,6.2,,100,100.0,100.0,,,100.0
527,1972-12-23 06:29,Nicaragua ,12.347000000000001,-86.12799999999999,7.3,6.2,,5000,5000.0,10000.0,10000.0,,10000.0
528,1973-01-30 21:01,Mexico,18.455,-102.96,37.2,7.5,T,17,17.0,56.0,17.0,,56.0
529,1973-02-06 10:37,China,31.353,100.545,10,7.7,,,,2199.0,,,2199.0
530,1973-03-17 08:30,Philippines,13.415,122.804,44.3,7.5,T,15,15.0,15.0,14.0,,15.0
531,1973-04-14 08:34,Costa Rica,10.673,-84.86,30.3,6.5,,26,26.0,26.0,,,26.0
532,1973-04-24 21:30,Colombia,4.907,-78.11399999999999,28.8,6.6,,1,1.0,1.0,,,1.0
533,1973-08-16 03:58,China,23.003,101.07799999999999,6.4,6.4,,,,1.0,,,1.0
534,1973-08-28 09:50,Mexico ,18.233,-96.60799999999999,80.6,7.2,,600,600.0,600.0,500.0,,600.0
535,1973-11-11 07:14,Iran,30.535,52.951,2,5.5,,1,1.0,1.0,,,1.0
536,1973-11-23 13:36,Portugal,38.486,-28.329,18.5,5.2,,1,1.0,1.0,,,1.0
537,1973-11-24 14:05,Algeria,36.201,4.473,33.1,5.1,,4,4.0,4.0,,,4.0
538,1974-01-05 08:33,Peru,-12.350999999999999,-76.307,91.9,6.6,,10,10.0,10.0,,,10.0
539,1974-02-01 00:01,Turkey,38.54,27.263,11.9,5.4,,2,2.0,,,,2.0
540,1974-04-22 00:29,China,31.533,119.28,14.2,5.5,,,,8.0,,,8.0
541,1974-05-08 23:33,Japan,34.57,138.77100000000002,11.3,6.7,T,27,27.0,30.0,30.0,,30.0
542,1974-05-10 19:25,China ,28.195,104.007,10.2,6.8,,,,1541.0,,,1541.0
543,1974-06-12 16:25,Venezuela,10.509,-63.428999999999995,7.9,6.5,,3,3.0,5.0,,,5.0
544,1974-07-13 01:18,Panama,7.737,-77.631,3.8,7.3,,11,11.0,11.0,,,11.0
545,1974-08-03 18:16,Japan,36.016,139.901,51.4,5.6,,2,2.0,,,,2.0
546,1974-10-02 02:54,Peru,-5.882000000000001,-81.01899999999999,20.5,5.7,,,,,78.0,,78.0
547,1974-10-03 14:21,Peru,-12.254000000000001,-77.523,33.5,8.1,T,78,78.0,78.0,,,78.0
548,1974-12-28 12:11,Pakistan ,35.025999999999996,72.898,12.5,6.2,,5300,5300.0,5300.0,,,5300.0
549,1975-01-19 08:02,India ,32.373000000000005,78.47399999999999,5,6.8,,47,47.0,47.0,47.0,,47.0
550,1975-02-04 11:36,China ,40.667,122.646,8,7.0,,,,1328.0,10000.0,2041.0,10000.0
551,1975-02-09 04:45,Indonesia,-6.774,106.634,15,5.6,,1,1.0,1.0,,,1.0
552,1975-03-07 07:04,Iran,27.476999999999997,56.224,11,6.1,,7,7.0,7.0,,,7.0
553,1975-03-13 15:26,Chile,-29.91,-71.393,31.3,6.9,T,2,2.0,2.0,,,2.0
554,1975-04-05 09:34,Venezuela,10.065,-69.666,22.4,6.3,,3,3.0,3.0,,,3.0
555,1975-07-08 12:04,Burma,21.451999999999998,94.598,117.6,6.5,,,,1.0,,,1.0
556,1975-07-11 07:18,Algeria,36.32,5.2410000000000005,33,4.3,,1,1.0,1.0,,,1.0
557,1975-07-19 06:10,India,31.936999999999998,78.605,12.8,5.3,,2,2.0,,,,2.0
558,1975-09-06 09:20,Turkey ,38.515,40.768,39.6,6.7,,2311,2311.0,2370.0,2385.0,,2385.0
559,1975-10-31 08:28,Philippines,12.535,125.99700000000001,52.5,7.6,T,1,1.0,1.0,,,1.0
560,1975-11-05 17:04,Mexico,16.9,-92.818,12,5.0,,1,1.0,,,,1.0
561,1975-11-29 14:47,United States Minor Outlying Islands,19.452,-155.034,2.1,7.2,T,2,2.0,2.0,,,2.0
562,1975-12-30 14:36,Turkey,38.595,40.525999999999996,31.8,4.6,,3,3.0,,,,3.0
563,1975-12-31 09:45,Greece,38.525999999999996,21.714000000000002,15,5.5,,1,1.0,1.0,,,1.0
564,1976-01-13 13:29,Iceland,66.226,-16.578,15,6.3,,,,,1.0,,1.0
565,1976-02-04 09:01,Guatemala ,15.296,-89.145,12.3,7.5,T,23000,23000.0,22870.0,23000.0,,23000.0
566,1976-02-04 09:30,Guatemala ,14.812000000000001,-90.469,60.4,5.4,,,,,,,
567,1976-02-19 13:59,Cuba,19.864,-76.899,21.1,5.9,,1,1.0,1.0,,,1.0
568,1976-03-13 16:30,Guatemala,14.725,-91.006,15,5.4,L,4,4.0,4.0,,,4.0
569,1976-03-19 13:03,Afghanistan,36.586999999999996,67.758,18.2,5.6,L,49,49.0,49.0,50.0,,50.0
570,1976-03-25 11:55,Turkey,40.939,42.95399999999999,35,4.8,,1,1.0,1.0,2.0,,2.0
571,1976-04-02 16:58,Turkey,39.801,43.68899999999999,25,4.6,,4,4.0,4.0,,,4.0
572,1976-04-05 16:54,China,40.23,112.22200000000001,7,5.5,,,,28.0,,,28.0
573,1976-04-09 07:08,Ecuador,0.85,-79.564,17,6.6,,8,8.0,8.0,10.0,,10.0
574,1976-04-29 22:18,Turkey,40.935,42.875,35,5.5,,4,4.0,4.0,,,4.0
575,1976-05-06 20:00,Italy ,46.385,13.265999999999998,20.7,6.5,,900,900.0,965.0,922.0,,965.0
576,1976-05-15 21:55,Peru,-11.66,-74.419,19,6.7,L,5,5.0,5.0,,,5.0
577,1976-05-17 02:58,Uzbekistan,40.373000000000005,63.428000000000004,14.8,6.7,,6,6.0,6.0,0.0,,6.0
578,1976-05-29 12:23,China,24.500999999999998,98.93,6.5,6.7,,,,98.0,,,98.0
579,1976-05-29 14:00,China,24.581,98.61,7.6,6.6,,,,,,,
580,1976-06-25 19:18,Indonesia ,-4.531000000000001,140.109,15,7.1,L,422,7422.0,6000.0,420.0,,7422.0
581,1976-07-09 09:34,Turkey,38.327,40.463,33,4.2,,1,1.0,1.0,,,1.0
582,1976-07-14 07:13,Indonesia,-8.228,114.774,24.8,6.5,,563,563.0,563.0,573.0,,573.0
583,1976-07-21 15:10,China,24.768,98.667,4.3,6.1,,,,11.0,,,11.0
584,1976-07-27 19:42,China ,39.605,117.88799999999999,16.7,7.6,,655237,655237.0,242800.0,242000.0,,655237.0
585,1976-07-28 10:45,China,39.723,118.359,18.2,7.0,,,,,,,
586,1976-08-16 14:06,China ,32.753,104.088,10.7,6.7,,,,,0.0,,0.0
587,1976-08-16 16:11,Philippines ,6.292000000000001,124.089,57.9,8.0,T,,6500.0,8000.0,6000.0,,8000.0
588,1976-08-17 04:19,Philippines,7.2589999999999995,122.96,20.2,7.1,,,,,,,
589,1976-08-19 01:12,Turkey,37.743,29.015,11.7,5.0,,4,4.0,4.0,4.0,,4.0
590,1976-08-23 03:30,China,32.481,104.182,7.9,6.4,,,,41.0,,,41.0
591,1976-09-11 16:31,Italy,46.339,13.181,4.2,5.5,L,5,5.0,5.0,,,5.0
592,1976-09-15 03:15,Italy ,46.31399999999999,13.206,0.9,6.0,,11,11.0,11.0,,,11.0
593,1976-09-15 09:21,Italy,46.354,13.087,9.7,5.9,,0,0.0,2.0,,,2.0
594,1976-10-06 09:12,Ecuador,-0.726,-78.732,4.7,5.7,,9,9.0,9.0,,,9.0
595,1976-10-29 02:51,Indonesia,-4.475,139.991,15,6.8,,133,133.0,6000.0,,,6000.0
596,1976-11-06 18:04,China,27.554000000000002,101.021,7.7,6.3,,,,33.0,,,33.0
597,1976-11-07 04:00,Iran,33.82,59.18,6.5,6.0,,17,17.0,17.0,16.0,,17.0
598,1976-11-24 12:22,Turkey ,39.082,44.031000000000006,8.9,7.0,,5000,5000.0,3900.0,3840.0,,5000.0
599,1976-11-30 00:40,Chile,-20.472,-68.896,133.7,7.5,,1,1.0,1.0,,,1.0
600,1976-12-08 08:38,South Africa,-27.979,26.677,10,5.2,,4,4.0,4.0,,,4.0
601,1976-12-13 06:36,China,27.336,101.024,3.4,5.9,,,,2.0,,,2.0
602,1977-01-01 21:39,China,38.185,91.014,5.3,6.0,,,,2.0,,,2.0
603,1977-03-04 21:21,Romania ,45.776,26.701999999999998,89,7.5,,,,1581.0,1641.0,,1641.0
604,1977-03-18 21:43,Philippines,16.755,122.285,32.5,7.2,,1,1.0,1.0,1.0,,1.0
605,1977-03-21 21:18,Iran,27.583000000000002,56.363,12,6.7,,167,167.0,167.0,167.0,,167.0
606,1977-03-25 02:39,Turkey,38.647,40.056999999999995,17.4,5.3,,30,30.0,30.0,30.0,,30.0
607,1977-04-06 13:36,Iran,31.954,50.643,9.4,6.0,,348,348.0,366.0,352.0,,366.0
608,1977-04-21 04:24,Solomon Islands,-10.009,160.816,45.1,7.3,T,0,18.0,18.0,,,18.0
609,1977-05-26 01:35,Iran,38.896,44.324,16.9,5.6,,3,3.0,3.0,3.0,,3.0
610,1977-08-19 05:08,Indonesia,-11.18,118.37,29.4,5.7,T,,,,185.0,,185.0
611,1977-08-19 06:08,Indonesia,-11.126,118.38,22.6,8.3,T,,189.0,189.0,,,189.0
612,1977-08-27 07:12,Indonesia,-8.136000000000001,125.32600000000001,44.6,7.0,,2,2.0,2.0,,,2.0
613,1977-08-31 00:42,Colombia,7.351,-76.15899999999999,21.3,6.5,,3,3.0,3.0,,,3.0
614,1977-11-23 09:26,Argentina ,-31.081999999999997,-67.78,19.5,7.4,"L,Lq",70,70.0,70.0,,,70.0
615,1977-12-10 05:46,Iran,27.686999999999998,56.578,13.9,5.6,,3,3.0,,3.0,,3.0
616,1977-12-19 23:34,Iran,30.910999999999998,56.413000000000004,11.6,5.9,,584,584.0,665.0,589.0,,665.0
617,1978-01-14 03:24,Japan,34.803000000000004,139.29399999999998,10.7,6.6,T,21,25.0,25.0,21.0,,25.0
618,1978-02-22 06:07,Guatemala,14.267999999999999,-91.399,66.9,6.3,,2,2.0,2.0,,,2.0
619,1978-03-11 19:20,Italy,38.046,15.99,22.2,5.2,,2,2.0,2.0,,,2.0
620,1978-03-16 02:00,Afghanistan,29.928,66.234,10.2,6.1,,1,1.0,,,,1.0
621,1978-03-19 01:39,Mexico,16.932000000000002,-99.78200000000001,11,6.6,,1,1.0,1.0,,,1.0
622,1978-04-15 23:33,Italy,38.381,15.073,17,6.0,,5,5.0,5.0,,,5.0
623,1978-06-12 08:06,Japan,38.235,142.105,46.2,5.7,T,,,28.0,,,28.0
624,1978-06-12 08:14,Japan ,38.224000000000004,142.009,53.3,7.6,,22,22.0,,,,22.0
625,1978-06-19 10:31,Greece,40.732,23.256999999999998,7.7,5.3,,1,1.0,1.0,50.0,,50.0
626,1978-06-20 20:03,Greece ,40.76,23.303,7.4,6.5,,50,50.0,50.0,,,50.0
627,1978-07-04 22:23,Greece,40.718,23.112,7.4,4.6,,1,1.0,1.0,,,1.0
628,1978-07-29 14:37,Guatemala,14.758,-90.99,15,4.9,,5,5.0,17.0,,,17.0
629,1978-09-16 15:35,Iran ,33.242,57.382,8.2,7.4,,15000,15000.0,18220.0,25000.0,,25000.0
630,1978-11-29 19:52,Mexico,16.011,-96.603,24.8,7.8,T,9,9.0,9.0,9.0,,9.0
631,1978-12-14 07:05,Iran,32.128,49.63399999999999,18.9,6.1,,76,76.0,76.0,45.0,,76.0
632,1978-12-23 11:23,Taiwan,23.217,122.009,45.5,7.0,,2,2.0,2.0,,,2.0
633,1979-01-16 09:50,Iran,33.909,59.471000000000004,9.9,6.5,,200,200.0,200.0,,,200.0
634,1979-02-16 10:08,Peru,-16.537,-72.553,55.1,7.1,,18,18.0,18.0,13.0,,18.0
635,1979-03-14 11:07,Mexico,17.758,-101.221,24.7,7.4,T,5,5.0,15.0,5.0,,15.0
636,1979-03-15 12:52,China,23.162,101.10600000000001,13.5,6.0,,,,12.0,,,12.0
637,1979-04-15 06:19,Montenegro ,41.998999999999995,19.156,15,6.9,T,156,156.0,129.0,121.0,,156.0
638,1979-05-30 09:38,Indonesia,-8.345,115.86399999999999,20,6.2,,37,37.0,22.0,34.0,,37.0
639,1979-07-02 16:30,India,34.525,74.291,35,4.5,,0,3.0,,,,3.0
640,1979-07-09 10:57,China,31.471999999999998,119.27,12.6,5.4,,41,41.0,42.0,,,42.0
641,1979-09-12 05:17,Indonesia,-1.682,135.974,17.6,7.5,T,15,15.0,15.0,2.0,,15.0
642,1979-09-19 21:35,Italy,42.773,13.01,15,5.8,,5,5.0,5.0,5.0,,5.0
643,1979-10-20 01:41,Indonesia,-8.363,115.78200000000001,52,6.4,,2,2.0,2.0,,,2.0
644,1979-10-27 14:35,Guatemala,13.829,-90.84100000000001,56.5,6.8,,4,4.0,7.0,,,7.0
645,1979-11-02 15:53,Indonesia,-7.746,108.165,72.1,6.5,,30,30.0,23.0,26.0,,30.0
646,1979-11-06 05:26,Greece,39.52,20.375,28.1,5.4,,1,1.0,1.0,,,1.0
647,1979-11-14 02:21,Iran,33.955999999999996,59.726000000000006,9.1,6.5,,280,280.0,280.0,350.0,,350.0
648,1979-11-23 23:40,Colombia,4.793,-76.19,107.7,7.2,L,52,52.0,52.0,60.0,,60.0
649,1979-11-27 17:10,Iran,34.056,59.754,7.4,7.0,,17,17.0,17.0,16.0,,17.0
650,1979-12-12 07:59,Colombia,1.6030000000000002,-79.363,23.6,8.1,T,600,600.0,600.0,300.0,,600.0
651,1979-12-15 00:02,Indonesia,-3.339,102.56700000000001,13,6.5,,8,8.0,8.0,5.0,,8.0
652,1979-12-17 19:58,Indonesia,-8.487,115.75299999999999,15,6.5,,27,27.0,32.0,32.0,,32.0
653,1980-01-01 16:42,Portugal ,38.726,-27.750999999999998,12.2,6.9,,60,60.0,56.0,69.0,,69.0
654,1980-01-24 19:00,United States,37.711999999999996,-121.728,15,5.8,,0,0.0,1.0,,,1.0
655,1980-02-20 02:34,Italy,39.291,16.152,8.2,4.8,,0,1.0,,,,1.0
656,1980-06-09 03:28,Mexico,32.268,-114.90799999999999,4.6,6.3,,1,1.0,1.0,,,1.0
657,1980-07-09 02:11,Greece,39.257,23.008000000000003,17.2,6.6,,1,1.0,1.0,,,1.0
658,1980-07-22 05:17,Iran,37.321999999999996,50.262,25,5.5,,1,1.0,1.0,,,1.0
659,1980-07-29 14:58,Nepal,29.623,81.10300000000001,14.4,6.5,,188,188.0,100.0,100.0,,188.0
660,1980-08-09 05:45,Guatemala,15.912,-88.49,16.9,6.5,,2,2.0,2.0,2.0,,2.0
661,1980-08-18 15:07,Ecuador,-1.9869999999999999,-80.002,55.9,5.9,,8,8.0,8.0,8.0,,8.0
662,1980-08-23 21:36,India,32.922,75.693,14.5,5.5,,15,15.0,15.0,13.0,,15.0
663,1980-08-23 21:50,India,32.893,75.77600000000001,11.3,5.5,,,,13.0,,,13.0
664,1980-09-23 19:10,Japan,35.997,139.74,82.7,5.3,,1,1.0,,2.0,,2.0
665,1980-09-24 17:54,Japan,35.525,140.062,71.5,6.0,,2,2.0,,,,2.0
666,1980-10-10 12:25,Algeria,36.143,1.4040000000000001,15,7.1,,5000,5000.0,3500.0,2633.0,,5000.0
667,1980-10-10 15:39,Algeria ,36.213,1.577,12.4,6.2,,,,,,,
668,1980-10-24 14:53,Mexico ,18.175,-98.235,64.3,7.1,,300,300.0,65.0,65.0,,300.0
669,1980-11-12 06:58,Peru,-13.347000000000001,-74.545,71,4.9,,7,7.0,7.0,,,7.0
670,1980-11-19 19:00,India,27.392,88.795,38.5,6.3,,0,0.0,3.0,0.0,,3.0
671,1980-11-23 18:34,Italy ,40.788000000000004,15.31,6.9,6.9,,3000,4900.0,2483.0,4689.0,,4900.0
672,1980-11-30 07:41,Italy,40.766,15.295,15.1,4.9,,0,1.0,,,,1.0
673,1980-12-19 01:16,Iran,34.472,50.643,12.7,6.2,,26,26.0,26.0,20.0,,26.0
674,1980-12-22 12:51,Iran,34.427,50.63399999999999,16.4,5.7,,3,3.0,3.0,4.0,,4.0
675,1981-01-19 15:11,Indonesia ,-4.513,139.283,20,6.6,,305,1305.0,1300.0,,,1305.0
676,1981-01-23 21:13,China ,30.956,101.16799999999999,10.9,6.5,,150,150.0,126.0,150.0,,150.0
677,1981-02-14 17:27,Italy,40.995,14.614,4.9,4.9,,4,12.0,,,,12.0
678,1981-02-18 08:28,South Africa,-26.625,26.607,33,4.7,,0,4.0,4.0,,,4.0
679,1981-02-24 20:53,Greece,38.159,22.976,16.2,6.7,,16,16.0,21.0,22.0,,22.0
680,1981-02-25 02:35,Greece,38.097,23.17,6,6.4,,,,,,,
681,1981-03-04 21:58,Greece,38.196999999999996,23.3,14.9,6.2,,0,1.0,,,,1.0
682,1981-03-07 11:34,Greece,38.181,23.335,37.1,5.4,,1,1.0,1.0,,,1.0
683,1981-03-10 15:16,Greece,39.382,20.813000000000002,36.4,5.4,L,0,2.0,2.0,2.0,,2.0
684,1981-04-18 00:32,Peru,-13.116,-74.373,40.8,5.5,,8,8.0,8.0,8.0,,8.0
685,1981-06-11 07:24,Iran,29.858,57.68600000000001,17.3,6.6,,3000,3000.0,3000.0,2000.0,,3000.0
686,1981-06-13 07:29,Afghanistan,36.198,67.836,21,5.6,,1,1.0,1.0,,,1.0
687,1981-06-21 10:30,Chile,-20.276,-70.384,36,5.7,,,,,10.0,,10.0
688,1981-06-22 17:53,Peru,-13.185,-74.46300000000001,15.6,5.8,,6,6.0,6.0,,,6.0
689,1981-07-28 17:22,Iran,29.976,57.766999999999996,13.6,7.2,,1500,1500.0,1500.0,1200.0,,1500.0
690,1981-09-12 07:15,Pakistan,35.685,73.597,14.7,6.1,L,220,220.0,229.0,250.0,,250.0
691,1981-10-16 03:25,Chile,-33.178000000000004,-73.033,44.9,7.1,,0,1.0,1.0,,,1.0
692,1981-10-18 04:31,Colombia,8.111,-72.501,39.3,5.9,L,15,15.0,15.0,10.0,,15.0
693,1981-10-25 03:22,Mexico,18.115,-102.009,19,7.2,,3,3.0,9.0,3.0,,9.0
694,1981-12-12 20:26,Pakistan,29.912,67.08,35,4.6,,6,6.0,6.0,,,6.0
695,1982-01-23 14:10,Taiwan,23.951,121.75200000000001,11.8,6.0,,,,1.0,,,1.0
696,1982-03-23 05:10,Peru,-12.341,-77.538,59.1,5.1,,2,2.0,2.0,,,2.0
697,1982-03-28 23:24,Peru,-12.743,-76.01,90.8,6.3,,3,3.0,3.0,3.0,,3.0
698,1982-04-13 11:26,South Africa,-27.926,26.783,5,5.0,L,0,1.0,1.0,,,1.0
699,1982-06-07 10:59,Mexico,16.518,-98.34700000000001,18.9,6.9,,9,9.0,9.0,,,9.0
700,1982-06-15 23:24,China,31.871,99.87200000000001,10.3,5.6,,10,10.0,11.0,10.0,,11.0
701,1982-06-19 06:21,El Salvador ,13.337,-89.31299999999999,72.8,7.3,L,43,43.0,43.0,,,43.0
702,1982-09-29 05:50,Honduras,14.494000000000002,-89.102,13.9,5.6,,3,3.0,3.0,,,3.0
703,1982-11-15 20:07,Algeria,35.585,1.361,7.1,5.2,,3,3.0,3.0,,,3.0
704,1982-11-16 23:41,Albania,40.78,19.666,21.9,5.6,,1,1.0,1.0,1.0,,1.0
705,1982-12-13 09:12,Yemen ,14.675,44.223,7,6.2,L,2800,2800.0,2800.0,1507.0,,2800.0
706,1982-12-16 00:40,Afghanistan,36.135999999999996,68.933,35.5,6.4,,450,450.0,500.0,500.0,,500.0
707,1982-12-25 12:28,Indonesia,-8.43,122.97,6.7,5.9,L,13,13.0,13.0,13.0,,13.0
708,1983-02-13 01:40,China,39.994,75.173,9,6.2,,0,0.0,1.0,,,1.0
709,1983-02-25 18:22,Yugoslavia,41.958999999999996,21.54,24,4.7,,0,12.0,,12.0,,12.0
710,1983-03-15 17:27,Japan,34.797,137.58,34.5,5.4,,1,1.0,,,,1.0
711,1983-03-25 11:57,Iran,36.042,52.295,14.6,5.4,L,30,30.0,100.0,30.0,,100.0
712,1983-03-31 13:12,Colombia ,2.439,-76.65899999999999,30.1,5.6,,300,300.0,241.0,250.0,,300.0
713,1983-04-03 02:50,Costa Rica,8.721,-83.07799999999999,25,7.4,,1,6.0,1.0,10.0,,10.0
714,1983-04-04 02:51,Indonesia,5.722,94.68700000000001,85.6,7.0,,,,,0.0,,0.0
715,1983-04-05 06:50,China,39.972,75.215,10.7,5.8,,,,,,,
716,1983-04-12 12:07,Peru,-4.846,-78.09100000000001,125.9,7.0,,,,10.0,,,10.0
717,1983-05-26 02:59,Japan,40.473,139.091,17,7.7,T,104,107.0,104.0,102.0,,107.0
718,1983-07-03 17:14,Costa Rica,9.612,-83.70700000000001,14.5,6.3,L,2,2.0,2.0,2.0,,2.0
719,1983-07-05 12:01,Turkey ,40.309,27.254,2.6,6.1,,5,5.0,5.0,,,5.0
720,1983-07-20 22:03,Italy,37.501999999999995,15.151,33,4.4,,0,1.0,,,,1.0
721,1983-07-22 02:41,Iran,36.942,49.213,20,5.6,,3,3.0,3.0,3.0,,3.0
722,1983-08-02 09:01,France,49.15,6.6979999999999995,0,3.5,,0,1.0,1.0,,,1.0
723,1983-08-08 03:47,Japan,35.507,139.045,18.1,5.6,L,1,1.0,1.0,1.0,,1.0
724,1983-08-17 12:17,Philippines,18.206,120.785,29,6.6,"L,Lq",16,16.0,24.0,19.0,,24.0
725,1983-10-04 18:52,Chile,-26.539,-70.502,23.9,7.6,"T,L",5,5.0,5.0,,,5.0
726,1983-10-25 00:36,Indonesia,1.151,120.84100000000001,26.6,6.5,,,,2.0,,,2.0
727,1983-10-28 14:06,United States ,44.078,-113.8,16,6.9,L,2,2.0,2.0,2.0,,2.0
728,1983-10-30 04:12,Turkey ,40.327,42.176,15,6.6,,1342,1342.0,1400.0,1346.0,,1400.0
729,1983-11-06 21:09,China,35.223,115.204,32.1,5.5,,34,34.0,45.0,34.0,,45.0
730,1983-11-08 00:49,Belgium,50.696000000000005,5.346,10,4.9,,1,2.0,1.0,2.0,,2.0
731,1983-12-16 13:15,Tajikistan,39.351,72.929,13.3,5.9,,,,,12.0,,12.0
732,1983-12-21 23:32,Papua New Guinea,-5.446000000000001,151.895,42.2,6.2,,,,10.0,10.0,,10.0
733,1983-12-22 04:11,Guinea,11.862,-13.511,7.8,6.3,,443,643.0,643.0,275.0,,643.0
734,1983-12-30 23:52,Afghanistan,36.405,70.67699999999999,215.9,7.4,,26,26.0,12.0,24.0,,26.0
735,1984-01-08 15:24,Indonesia,-2.866,118.726,43.6,6.7,T,2,2.0,2.0,2.0,,2.0
736,1984-01-25 19:36,United States,47.5,-116.0,1,2.3,,0,1.0,1.0,,,1.0
737,1984-02-01 14:22,Afghanistan,34.564,70.446,9,6.1,,1,1.0,1.0,1.0,,1.0
738,1984-02-16 17:18,Afghanistan,36.446999999999996,70.84,208.1,6.4,,4,4.0,4.0,4.0,,4.0
739,1984-03-06 02:17,Japan,29.372,138.871,459.1,7.4,,0,1.0,,,,1.0
740,1984-04-22 17:39,Italy,43.61600000000001,10.193999999999999,15,4.7,,0,3.0,,,,3.0
741,1984-05-07 17:49,Italy,41.738,13.889000000000001,21.4,5.9,,3,3.0,7.0,3.0,,7.0
742,1984-05-11 10:41,Italy,41.755,13.901,10.9,5.5,,0,3.0,,,,3.0
743,1984-05-13 12:45,Bosnia and Herzegovina,42.974,17.829,37,5.4,,0,1.0,1.0,,,1.0
744,1984-05-21 15:37,China,32.604,121.602,43.8,6.0,,,,13.0,,,13.0
745,1984-06-20 14:12,Canada,46.58,-80.8,1,3.4,,0,4.0,4.0,,,4.0
746,1984-06-24 11:17,Dominican Republic,17.980999999999998,-69.37100000000001,45.1,6.7,,,,5.0,,,5.0
747,1984-06-24 18:18,Dominican Republic,18.039,-69.233,24.8,5.2,,5,5.0,,,,5.0
748,1984-09-13 23:48,Japan ,35.801,137.466,1.1,6.2,L,24,24.0,29.0,20.0,,29.0
749,1984-09-15 02:55,United States,47.46,-115.98700000000001,1,2.8,,0,1.0,,,,1.0
750,1984-09-18 13:26,Turkey,40.891999999999996,42.24100000000001,10,5.5,,3,3.0,3.0,3.0,,3.0
751,1984-10-18 09:46,Turkey,40.711,42.446999999999996,35,5.4,,3,3.0,3.0,3.0,,3.0
752,1984-12-30 23:33,India,24.684,92.86399999999999,3.4,6.0,,20,20.0,,20.0,,20.0
753,1985-01-26 03:06,Argentina ,-33.109,-68.593,19.2,5.9,,6,6.0,6.0,6.0,,6.0
754,1985-02-02 20:52,Iran,28.351999999999997,52.972,13.8,5.4,,1,1.0,1.0,1.0,,1.0
755,1985-03-03 22:47,Chile ,-33.132,-71.762,40,7.9,"T,Lq",177,177.0,177.0,180.0,,180.0
756,1985-03-14 23:03,Italy,41.631,14.263,14,4.3,,0,1.0,,,,1.0
757,1985-03-17 10:41,Chile ,-32.711999999999996,-71.68,22,6.5,,0,1.0,,,,1.0
758,1985-03-18 19:49,Philippines,7.776,123.512,26.5,6.5,,0,2.0,,2.0,,2.0
759,1985-03-19 10:28,Bolivia,-18.567,-63.6,29.7,5.8,,2,2.0,2.0,,,2.0
760,1985-03-29 11:15,China,29.35,104.95299999999999,35,4.9,,1,1.0,2.0,,,2.0
761,1985-04-09 01:56,Chile ,-34.134,-71.535,38,7.1,,0,2.0,,,,2.0
762,1985-04-18 05:52,China ,25.891,102.885,4.1,5.7,,23,23.0,22.0,,,23.0
763,1985-04-24 01:07,Philippines,16.541,120.81200000000001,5.3,6.1,L,6,6.0,6.0,,,6.0
764,1985-05-10 15:35,Papua New Guinea,-5.601,151.056,47.2,7.2,L,1,1.0,1.0,,,1.0
765,1985-07-29 07:54,Afghanistan,36.165,70.857,100.1,7.4,L,5,5.0,5.0,5.0,,5.0
766,1985-08-23 12:41,China ,39.446999999999996,75.264,4.3,6.9,,71,71.0,67.0,67.0,,71.0
767,1985-09-11 20:45,China,39.356,75.415,21.2,6.1,,4,4.0,3.0,,,4.0
768,1985-09-15 02:42,Indonesia,-4.064,136.093,4.2,6.3,,10,10.0,10.0,10.0,,10.0
769,1985-09-19 13:17,Mexico ,18.42,-102.38,15,8.0,"T,L",9500,9500.0,9500.0,9500.0,,9500.0
770,1985-09-21 01:37,Mexico,17.831,-101.62299999999999,17.6,7.5,T,,,,,,
771,1985-10-13 15:59,Tajikistan,40.336999999999996,69.81,15.9,5.8,L,29,29.0,,29.0,,29.0
772,1985-10-27 19:34,Algeria,36.385999999999996,6.846,30.4,5.8,,6,6.0,5.0,30.0,,30.0
773,1985-12-25 02:38,Italy,37.688,15.068,10,4.3,,1,1.0,1.0,,,1.0
774,1986-01-11 19:42,Peru,-9.512,-77.437,56.7,5.1,,1,1.0,1.0,1.0,,1.0
775,1986-03-12 16:32,United States,47.47,-115.8,1,2.0,,0,1.0,1.0,,,1.0
776,1986-04-05 20:14,Peru,-13.402000000000001,-71.757,49,5.2,L,16,16.0,16.0,15.0,,16.0
777,1986-04-26 07:35,India,32.118,76.39699999999999,10.2,5.5,,6,6.0,6.0,6.0,,6.0
778,1986-05-05 03:35,Turkey,37.999,37.781,4.1,6.0,,15,15.0,15.0,15.0,,15.0
779,1986-05-13 08:44,Georgia,41.403999999999996,43.70399999999999,10,5.7,,2,2.0,2.0,2.0,,2.0
780,1986-05-20 05:25,Taiwan,24.146,121.64299999999999,15.8,6.2,,1,1.0,1.0,,,1.0
781,1986-06-06 10:39,Turkey,38.007,37.91,22.5,5.8,L,1,1.0,1.0,,,1.0
782,1986-06-11 13:48,Venezuela,10.573,-62.911,13.9,6.2,,2,2.0,2.0,,,2.0
783,1986-07-12 07:54,Iran,29.910999999999998,51.556999999999995,5.4,5.7,,1,1.0,1.0,1.0,,1.0
784,1986-07-13 13:47,United States,33.066,-117.84,15,5.8,L,0,0.0,1.0,0.0,,1.0
785,1986-07-18 17:22,Venezuela,10.743,-69.42399999999999,8.3,5.4,,0,1.0,,1.0,,1.0
786,1986-08-06 19:55,China,29.28,100.75399999999999,10.8,5.3,,,,2.0,,,2.0
787,1986-08-30 21:28,Romania ,45.521,26.271,136,7.2,,2,2.0,2.0,,,2.0
788,1986-09-13 17:24,Greece,37.071999999999996,22.176,21.7,6.0,,20,20.0,21.0,20.0,,21.0
789,1986-10-10 17:49,El Salvador ,13.790999999999999,-89.165,10.9,7.3,L,950,1000.0,1500.0,1100.0,,1500.0
790,1986-11-14 21:20,Taiwan,23.974,121.727,34,7.3,L,15,15.0,13.0,,,15.0
791,1986-12-07 14:17,Bulgaria,43.278,26.003,4.8,5.6,,3,3.0,3.0,3.0,,3.0
792,1986-12-18 20:01,Poland,50.303999999999995,19.235,10,2.8,,0,3.0,3.0,,,3.0
793,1987-01-22 05:10,Italy,43.515,10.154,21,4.2,,0,2.0,,,,2.0
794,1987-01-26 11:11,Algeria,35.919000000000004,1.3869999999999998,11.7,4.9,,1,1.0,1.0,1.0,,1.0
795,1987-02-08 18:33,Papua New Guinea,-6.025,147.665,42.3,7.3,"T,L,Lq",0,3.0,3.0,1.0,,3.0
796,1987-03-02 01:42,New Zealand ,-38.015,176.921,15,6.5,L,0,1.0,,1.0,,1.0
797,1987-03-05 09:17,Chile,-24.395,-70.1,46.3,7.5,T,1,1.0,1.0,,,1.0
798,1987-03-06 01:54,Ecuador ,0.04,-77.666,12.6,6.4,L,,,,5000.0,,5000.0
799,1987-03-06 04:10,Ecuador,0.08199999999999999,-77.78699999999999,17.1,7.1,L,1000,5000.0,5000.0,,,5000.0
800,1987-03-12 23:07,Poland,51.369,20.206,10,2.6,,0,3.0,3.0,,,3.0
801,1987-03-18 03:36,Japan,32.051,131.785,54,6.6,"T,L",1,2.0,1.0,,,2.0
802,1987-04-25 19:22,Indonesia,2.405,98.905,10,6.4,,2,2.0,2.0,2.0,,2.0
803,1987-05-02 20:43,Italy,44.809,10.68,15,5.2,,0,1.0,,,,1.0
804,1987-05-18 07:27,Philippines,8.267000000000001,125.324,19.1,6.2,,1,1.0,1.0,,,1.0
805,1987-05-23 17:09,Philippines,8.023,125.479,22.4,5.7,,1,1.0,1.0,,,1.0
806,1987-05-29 06:27,Iran,34.059,48.285,25,5.3,,2,2.0,2.0,2.0,,2.0
807,1987-06-18 10:01,Philippines,17.324,121.353,13.9,5.9,L,0,9.0,9.0,,,9.0
808,1987-08-02 09:07,China,25.002,115.566,11.2,4.9,,0,0.0,3.0,0.0,,3.0
809,1987-08-08 15:48,Chile,-19.092,-70.005,70.7,7.2,L,5,5.0,5.0,5.0,,5.0
810,1987-08-13 15:23,Peru,-17.9,-70.90899999999999,37.6,6.5,,1,1.0,1.0,,,1.0
811,1987-09-22 13:43,Ecuador,-1.0090000000000001,-78.031,4.8,6.3,L,2,2.0,2.0,2.0,,2.0
812,1987-10-01 14:42,United States ,34.061,-118.135,14.4,5.9,,8,8.0,8.0,8.0,,8.0
813,1987-10-02 22:27,Peru ,-8.166,-77.961,29.8,5.6,,3,3.0,3.0,,,3.0
814,1987-10-04 10:59,United States ,34.02,-118.137,11.3,5.2,,0,1.0,,,,1.0
815,1987-11-24 01:54,United States,33.257,-115.756,15,6.0,,0,2.0,2.0,2.0,,2.0
816,1987-11-26 01:43,Indonesia,-8.259,124.149,27.3,6.5,"T,L",37,37.0,83.0,125.0,,125.0
817,1987-12-17 02:08,Japan,35.421,140.322,47.3,6.5,,2,2.0,2.0,2.0,,2.0
818,1988-01-05 06:41,South Africa,-26.905,26.694000000000003,15,5.2,,0,8.0,8.0,8.0,,8.0
819,1988-02-06 14:50,Bangladesh,24.713,91.579,35,5.8,,2,2.0,2.0,2.0,,2.0
820,1988-02-11 15:25,United States,34.08,-118.05,12,4.8,,0,1.0,,,,1.0
821,1988-06-19 20:19,Philippines,12.355,121.085,12.7,6.2,,2,2.0,1.0,,,2.0
822,1988-07-20 23:15,Taiwan,23.986,121.679,51,5.9,L,1,1.0,1.0,,,1.0
823,1988-08-06 00:36,Burma,25.105,95.126,90.5,7.2,L,3,35.0,3.0,2.0,,35.0
824,1988-08-10 04:38,Solomon Islands,-10.32,160.933,34,7.5,T,0,1.0,1.0,1.0,,1.0
825,1988-08-11 16:00,Iran,29.944000000000003,51.585,7.8,5.8,,,,,1.0,,1.0
826,1988-08-11 16:04,Iran,29.886,51.655,11,6.0,,1,1.0,1.0,,,1.0
827,1988-08-20 23:09,Nepal ,26.763,86.618,57,6.8,Lq,998,998.0,1450.0,709.0,,1450.0
828,1988-09-02 07:26,Czech Republic,49.886,18.489,10,3.8,,0,3.0,3.0,,,3.0
829,1988-09-06 00:42,Papua New Guinea,-6.062,146.226,0,4.3,L,,,74.0,,,74.0
830,1988-11-03 14:47,Guatemala,13.908,-90.501,75.2,6.6,L,5,5.0,5.0,5.0,,5.0
831,1988-11-06 13:03,China,22.909000000000002,99.681,6.5,7.0,L,730,730.0,748.0,,,748.0
832,1988-11-06 13:15,China,23.186,99.411,8.9,6.4,,,,,,,
833,1988-12-07 07:41,Armenia ,40.919000000000004,44.118,6.7,6.7,,25000,25000.0,25000.0,25000.0,,25000.0
834,1989-01-22 23:02,Tajikistan,38.461,68.699,3.4,5.3,L,,274.0,274.0,274.0,,274.0
835,1989-02-19 12:27,Japan,36.038000000000004,139.86,45.4,5.5,,1,1.0,,,,1.0
836,1989-03-09 02:37,Malawi,-13.683,34.473,27.4,5.6,,,,,9.0,,9.0
837,1989-03-10 14:14,Papua New Guinea,-4.332,152.842,49.6,5.8,L,0,1.0,1.0,,,1.0
838,1989-03-10 21:49,Malawi ,-13.708,34.485,30,6.3,,9,9.0,9.0,,,9.0
839,1989-04-15 20:34,China,29.955,99.20200000000001,13.8,6.4,,11,11.0,8.0,8.0,,11.0
840,1989-04-25 14:29,Mexico,16.779,-99.275,19,6.9,,3,3.0,3.0,3.0,,3.0
841,1989-05-07 00:38,China,23.538,99.51899999999999,25.4,5.6,,1,1.0,1.0,,,1.0
842,1989-05-27 20:08,Iran,30.148000000000003,50.891999999999996,15,6.0,,0,0.0,,100.0,,100.0
843,1989-06-12 00:04,Bangladesh,21.927,89.87200000000001,20,5.8,,1,1.0,1.0,1.0,,1.0
844,1989-06-26 03:27,United States Minor Outlying Islands,19.417,-155.149,9,6.4,"T,L",0,0.0,,5.0,,5.0
845,1989-07-21 03:09,China,30.000999999999998,99.36200000000001,5.9,5.6,,,,3.0,,,3.0
846,1989-08-01 00:18,Indonesia,-4.48,138.983,14,6.1,L,0,120.0,120.0,120.0,,120.0
847,1989-08-03 07:42,Russian Federation,43.536,45.355,35,5.1,,1,1.0,1.0,,,1.0
848,1989-08-08 08:13,United States,37.134,-121.925,15,5.4,,1,1.0,1.0,,,1.0
849,1989-08-20 11:16,Djibouti,11.745999999999999,41.96,12,6.5,L,2,2.0,2.0,,,2.0
850,1989-09-22 02:25,China,31.555,102.42200000000001,10.9,6.1,,0,0.0,1.0,0.0,,1.0
851,1989-10-18 00:04,United States ,37.11,-121.764,16,6.9,"T,L",62,62.0,63.0,62.0,,63.0
852,1989-10-18 14:57,China,39.959,113.94,5.6,5.4,,29,29.0,29.0,29.0,,29.0
853,1989-10-18 17:01,China,40.014,113.93299999999999,4.5,5.6,,,,17.0,,,17.0
854,1989-10-29 19:09,Algeria,36.705999999999996,2.441,6,5.9,,30,30.0,35.0,22.0,,35.0
855,1989-10-29 19:21,Algeria,36.705999999999996,2.437,16.6,5.6,,,,,,,
856,1989-11-20 03:21,China,29.883000000000003,106.82600000000001,24.7,5.2,,4,4.0,7.0,4.0,,7.0
857,1989-11-20 04:19,Iran,29.898000000000003,57.716,14.9,5.9,,3,3.0,3.0,,,3.0
858,1989-12-15 18:43,Philippines,8.365,126.686,24,7.5,,1,1.0,2.0,,,2.0
859,1989-12-27 23:26,Australia ,-33.02,151.602,9.7,5.5,,12,12.0,9.0,,,12.0
860,1990-02-08 07:15,Philippines,9.767000000000001,124.631,26,6.7,,,,,1.0,,1.0
861,1990-02-09 17:57,China,31.745,120.98200000000001,11.9,5.0,,0,0.0,2.0,,,2.0
862,1990-03-04 19:46,Pakistan,28.906,66.354,8.3,6.0,,11,11.0,11.0,11.0,,11.0
863,1990-03-26 22:47,Philippines,9.283,125.564,51.1,5.9,,1,1.0,1.0,,,1.0
864,1990-04-18 13:39,Indonesia,1.195,122.816,26,7.6,,3,3.0,3.0,5.0,,5.0
865,1990-04-26 09:37,China,36.059,100.27799999999999,9.3,6.2,,,,119.0,126.0,,126.0
866,1990-04-26 09:37,China,36.059,100.27799999999999,9.3,6.4,L,126,126.0,,,,126.0
867,1990-05-05 07:21,Italy,40.665,15.850999999999999,1.7,5.8,,,,,2.0,,2.0
868,1990-05-05 07:21,Italy,40.711999999999996,15.805,9.1,5.8,,0,2.0,,,,2.0
869,1990-05-30 02:34,Peru,-6.022,-77.197,24,6.5,,135,135.0,135.0,,,135.0
870,1990-05-30 10:40,Romania,45.855,26.649,89,6.9,,13,14.0,14.0,22.0,,22.0
871,1990-06-09 01:14,Peru,-6.1,-77.133,23.5,5.5,,1,1.0,1.0,,,1.0
872,1990-06-14 07:40,Philippines,11.39,122.045,18.1,7.1,,4,4.0,4.0,4.0,,4.0
873,1990-06-14 12:47,Kazakhstan,47.876999999999995,85.064,36,6.6,,1,1.0,3.0,1.0,,3.0
874,1990-06-17 04:51,Pakistan,27.39,65.665,13.7,6.1,,6,6.0,,0.0,,6.0
875,1990-06-20 21:00,Iran ,37.001,49.216,17.9,7.4,L,45000,45000.0,35000.0,40000.0,,45000.0
876,1990-06-21 09:02,Iran,36.631,49.785,12.4,5.7,,20,20.0,20.0,,,20.0
877,1990-07-13 14:20,Afghanistan,36.448,70.775,209.8,6.3,L,0,43.0,43.0,,,43.0
878,1990-07-16 07:26,Philippines ,15.720999999999998,121.18,24.3,7.7,"L,Lq",1621,1621.0,2430.0,2412.0,,2430.0
879,1990-08-11 02:59,Ecuador,-0.172,-78.483,18.4,5.3,L,4,4.0,4.0,4.0,,4.0
880,1990-09-26 23:08,South Africa,-28.09,26.837,15,5.0,,0,2.0,2.0,,,2.0
881,1990-10-18 09:30,South Africa,-26.39,27.349,5,4.0,,0,10.0,10.0,10.0,,10.0
882,1990-10-20 08:07,China,37.096,103.71799999999999,8,5.7,,1,1.0,2.0,1.0,,2.0
883,1990-10-25 04:53,Afghanistan,35.09,70.429,110.2,5.8,,11,11.0,11.0,,,11.0
884,1990-11-06 18:45,Iran,28.241999999999997,55.457,11.1,6.6,,22,22.0,22.0,21.0,,22.0
885,1990-11-15 02:34,Indonesia,3.9389999999999996,97.405,30,6.7,L,1,1.0,7.0,1.0,,7.0
886,1990-12-13 00:24,Italy,37.286,15.402000000000001,12.1,5.6,,19,19.0,12.0,19.0,,19.0
887,1990-12-13 03:01,Taiwan,23.883000000000003,121.645,9.4,6.3,,2,2.0,2.0,,,2.0
888,1990-12-21 06:57,Greece,40.977,22.346,13,6.1,,1,1.0,1.0,1.0,,1.0
889,1990-12-22 17:27,Costa Rica,9.982000000000001,-84.229,11.1,5.9,,1,2.0,1.0,1.0,,2.0
890,1991-01-05 14:57,Burma,23.559,95.89,16.2,6.9,,,,2.0,0.0,,2.0
891,1991-01-31 23:03,Afghanistan,35.944,70.403,142,6.8,L,,,703.0,3.0,,703.0
892,1991-02-13 15:49,France,44.885,6.76,5,3.8,L,0,9.0,9.0,,,9.0
893,1991-03-25 18:02,China,39.946999999999996,113.98899999999999,15,5.4,,0,0.0,1.0,,,1.0
894,1991-04-05 04:19,Peru,-5.977,-77.081,20,6.9,,53,53.0,53.0,,,53.0
895,1991-04-18 09:18,Tajikistan,37.464,68.26899999999999,10.5,5.5,L,,,3.0,24.0,,24.0
896,1991-04-22 21:56,Costa Rica,9.673,-83.072,12.9,7.6,"T,L,Lq",75,75.0,75.0,47.0,,75.0
897,1991-04-24 10:54,Turkey,39.613,41.169,35,4.5,,1,1.0,1.0,,,1.0
898,1991-04-29 09:12,Georgia ,42.426,43.667,13.4,7.0,L,114,184.0,184.0,270.0,,270.0
899,1991-05-03 20:19,Georgia,42.68,43.245,3.7,5.6,L,0,3.0,3.0,,,3.0
900,1991-05-04 03:42,Panama,9.547,-82.44,6.9,6.2,Lq,0,0.0,2.0,0.0,,2.0
901,1991-05-26 10:59,Malaysia,5.858,116.652,48.6,5.1,,0,1.0,,,,1.0
902,1991-06-15 00:59,Georgia,42.406000000000006,44.011,6,6.2,L,8,8.0,8.0,8.0,,8.0
903,1991-06-15 11:15,Philippines,15.165,120.316,46.4,5.6,,0,137.0,,,,137.0
904,1991-06-21 06:27,El Salvador,13.408,-89.633,69.8,5.8,F,0,1.0,1.0,,,1.0
905,1991-06-28 14:43,United States,34.236999999999995,-118.01100000000001,11,5.6,,1,2.0,1.0,2.0,,2.0
906,1991-07-04 11:43,Indonesia ,-8.146,124.587,29,6.7,T,23,23.0,23.0,28.0,,28.0
907,1991-07-12 10:42,Romania,45.393,20.980999999999998,15,5.5,,2,2.0,2.0,,,2.0
908,1991-07-23 19:44,Peru,-15.707,-71.721,24.2,5.2,L,12,92.0,92.0,11.0,,92.0
909,1991-07-24 09:45,Iraq,36.598,44.06100000000001,20,5.5,,20,20.0,20.0,,,20.0
910,1991-09-18 09:48,Guatemala,14.604000000000001,-90.932,10.6,6.2,L,25,25.0,25.0,14.0,,25.0
911,1991-10-19 21:23,India ,30.725,78.775,9.3,6.8,L,2000,2000.0,2000.0,1500.0,,2000.0
912,1991-11-19 22:28,Colombia,4.552,-77.35600000000001,21,7.2,,2,2.0,2.0,2.0,,2.0
913,1991-11-22 00:40,Yemen,13.887,44.068000000000005,10,4.7,,10,10.0,11.0,10.0,,11.0
914,1991-11-28 17:19,Iran,36.826,49.582,18.4,5.6,L,1,1.0,1.0,,,1.0
915,1992-02-14 17:28,South Africa,-26.42,27.43,5,3.4,,0,4.0,4.0,,,4.0
916,1992-03-04 11:57,Iran,31.605,50.758,25,5.1,L,6,6.0,6.0,5.0,,6.0
917,1992-03-07 01:53,Costa Rica,10.228,-84.302,79,6.5,,0,1.0,,,,1.0
918,1992-03-13 17:18,Turkey ,39.727,39.650999999999996,7,6.6,L,498,,652.0,653.0,,653.0
919,1992-04-13 01:20,Netherlands,51.181000000000004,5.843999999999999,18,5.4,,0,1.0,,1.0,,1.0
920,1992-04-23 15:32,Burma,22.406999999999996,98.848,7.9,6.1,,0,0.0,4.0,,,4.0
921,1992-05-15 08:08,Uzbekistan,41.001000000000005,72.449,37.1,6.2,L,3,3.0,3.0,9.0,,9.0
922,1992-05-20 12:20,Pakistan,33.318000000000005,71.27199999999999,12.9,6.0,,36,36.0,36.0,36.0,,36.0
923,1992-06-28 11:57,United States ,34.19,-116.52,15,7.3,,1,3.0,1.0,1.0,,3.0
924,1992-08-19 02:04,Kyrgyzstan,42.111000000000004,73.58800000000001,17.1,7.2,"L,Lq",61,75.0,75.0,54.0,,75.0
925,1992-08-28 00:50,Pakistan,29.211,66.82,6.4,5.5,,4,4.0,4.0,4.0,,4.0
926,1992-09-02 00:16,Nicaragua ,11.727,-87.38,45,7.6,T,,184.0,184.0,179.0,,184.0
927,1992-09-08 00:38,Iran,29.131999999999998,52.147,26.8,5.2,L,1,1.0,1.0,,,1.0
928,1992-09-11 03:57,Democratic Republic of the Congo,-6.151,26.66,11,6.3,,8,8.0,8.0,9.0,,9.0
929,1992-10-12 13:09,Egypt ,29.714000000000002,31.144000000000002,22,5.8,,552,552.0,552.0,552.0,,552.0
930,1992-10-18 15:11,Colombia,7.093,-76.764,3.5,7.1,"L,Lq",1,11.0,11.0,,,11.0
931,1992-10-22 17:39,Egypt,29.755,31.535,10,4.2,,4,4.0,4.0,,,4.0
932,1992-10-23 09:11,Morocco,31.275,-4.291,25.2,5.5,,2,2.0,2.0,,,2.0
933,1992-10-23 23:19,Georgia,42.56100000000001,45.096000000000004,16,6.4,L,1,1.0,1.0,1.0,,1.0
934,1992-12-12 05:29,Indonesia ,-8.498,121.83200000000001,28,7.7,"T,L",,2519.0,1740.0,2500.0,,2519.0
935,1992-12-18 11:21,China,26.328000000000003,100.75200000000001,21.8,5.0,,1,1.0,1.0,,,1.0
936,1993-01-08 06:57,South Africa,-28.028000000000002,26.8,5,2.7,,0,6.0,6.0,,,6.0
937,1993-01-13 17:11,Jamaica,18.052,-76.594,14.2,5.5,,1,1.0,1.0,,,1.0
938,1993-01-15 11:06,Japan,43.022,144.194,94.8,7.6,L,,,2.0,2.0,,2.0
939,1993-01-15 11:06,Japan,43.023999999999994,144.141,102,7.6,L,2,2.0,,,,2.0
940,1993-01-31 19:33,China,25.826,101.415,25,4.7,,2,2.0,,,,2.0
941,1993-02-02 16:05,China,42.2,86.14399999999999,32,5.7,,,,4.0,,,4.0
942,1993-03-12 14:01,Wallis and Futuna,-14.409,-178.162,10,6.3,,5,5.0,5.0,5.0,,5.0
943,1993-03-20 14:51,China,29.009,87.35600000000001,14.1,6.2,,2,2.0,,,,2.0
944,1993-03-26 11:58,Greece,37.613,21.526,15,5.4,,0,0.0,,1.0,,1.0
945,1993-04-18 09:16,Peru,-11.720999999999998,-76.513,106,6.2,L,3,6.0,6.0,6.0,,6.0
946,1993-06-22 16:32,Iran,30.179000000000002,50.826,12.6,5.3,L,0,0.0,,24.0,,24.0
947,1993-07-10 20:40,Costa Rica,9.824,-83.61200000000001,16.5,5.8,L,1,2.0,1.0,3.0,,3.0
948,1993-07-12 13:17,Japan ,42.891999999999996,139.247,17,7.7,"T,LF",200,243.0,230.0,239.0,,243.0
949,1993-07-22 04:57,Colombia,6.38,-71.206,20,6.0,,2,2.0,2.0,,,2.0
950,1993-08-01 00:20,Sudan,15.401,31.701,11.8,5.5,,2,2.0,2.0,3.0,,3.0
951,1993-09-10 19:12,Mexico,14.758,-92.646,34,7.2,L,1,1.0,1.0,,,1.0
952,1993-09-21 03:28,United States,42.305,-122.00399999999999,11,6.0,L,1,2.0,1.0,,,2.0
953,1993-09-29 22:25,India ,18.06,76.47800000000001,14.1,6.2,,9748,9748.0,9748.0,9748.0,,9748.0
954,1993-10-11 15:54,Japan,32.03,137.92600000000002,351,6.9,,0,1.0,,,,1.0
955,1993-10-13 02:06,Papua New Guinea,-5.843999999999999,146.131,25,6.9,L,,60.0,60.0,53.0,,60.0
956,1993-10-16 03:05,Papua New Guinea,-5.877000000000001,146.28,27,6.3,,3,3.0,3.0,,,3.0
957,1993-11-22 22:43,Nicaragua,11.718,-86.084,112.6,5.9,,0,1.0,,,,1.0
958,1993-11-30 20:37,China,39.326,75.505,12.7,5.6,,0,0.0,2.0,,,2.0
959,1994-01-17 12:30,United States ,34.164,-118.56299999999999,19,6.7,"L,Lq",60,60.0,60.0,,33.0,60.0
960,1994-01-21 02:24,Indonesia,1.043,127.773,20,6.9,,7,7.0,7.0,7.0,,7.0
961,1994-02-05 23:34,Uganda,0.5579999999999999,30.081,14,6.2,L,2,4.0,8.0,7.0,,8.0
962,1994-02-15 17:07,Indonesia,-4.999,104.255,23,6.8,L,,207.0,207.0,207.0,,207.0
963,1994-02-23 08:02,Iran,30.788,60.532,7,6.1,,6,6.0,6.0,9.0,,9.0
964,1994-03-01 03:49,Iran,29.143,52.638000000000005,12.9,6.0,L,2,2.0,2.0,3.0,,3.0
965,1994-03-02 03:38,Haiti,19.941,-72.814,6.7,5.4,,4,4.0,4.0,,,4.0
966,1994-05-01 12:00,Afghanistan,36.934,67.124,17.5,6.1,,,,,160.0,,160.0
967,1994-05-26 08:26,Morocco,35.25,-4.0889999999999995,10,5.9,,0,0.0,2.0,,,2.0
968,1994-06-02 18:17,Indonesia ,-10.409,112.934,34.5,7.8,T,,277.0,277.0,,,277.0
969,1994-06-05 01:09,Taiwan,24.455,121.85,11,6.3,"T,L",1,1.0,1.0,,,1.0
970,1994-06-06 20:47,Colombia ,2.908,-75.971,12,6.8,L,295,795.0,800.0,,,800.0
971,1994-06-09 00:33,Bolivia ,-13.86,-67.512,631,8.2,L,1,5.0,10.0,0.0,,10.0
972,1994-06-20 09:09,Iran,29.053,52.67100000000001,10.8,5.9,L,3,3.0,3.0,2.0,,3.0
973,1994-07-04 21:36,Mexico,14.887,-97.31200000000001,15,6.4,,2,2.0,2.0,,,2.0
974,1994-08-18 01:13,Algeria,35.464,-0.084,9,5.8,,159,159.0,159.0,171.0,,171.0
975,1994-09-01 07:11,South Africa,-26.447,27.405,5,2.7,,0,3.0,,,,3.0
976,1994-09-16 06:20,Taiwan ,22.555,118.719,13,6.7,,1,1.0,5.0,1.0,,5.0
977,1994-10-04 13:22,Russian Federation,43.863,147.35299999999998,14,8.3,"T,L",,11.0,11.0,5.0,,11.0
978,1994-10-08 21:44,Indonesia,-1.206,127.98,17,6.8,T,1,1.0,1.0,1.0,,1.0
979,1994-11-14 19:15,Philippines,13.543,121.059,32,7.1,"T,Lq",78,78.0,78.0,81.0,,81.0
980,1994-12-28 12:19,Japan,40.523,143.43,27,7.7,T,3,3.0,3.0,2.0,,3.0
981,1995-01-16 20:46,Japan ,34.58,135.025,22,6.9,"L,F,Lq",5502,5530.0,6432.0,5297.0,,6432.0
982,1995-01-19 15:05,Colombia,5.044,-72.936,17,6.5,L,7,7.0,7.0,7.0,,7.0
983,1995-02-03 15:26,United States,41.488,-109.785,1,5.3,,0,1.0,1.0,,,1.0
984,1995-02-08 18:40,Colombia,4.052,-76.589,74,6.3,L,42,42.0,42.0,40.0,,42.0
985,1995-02-23 05:19,Taiwan,24.233,121.706,43.6,6.2,L,0,2.0,2.0,,,2.0
986,1995-02-23 21:03,Cyprus,35.06,32.269,18,5.9,,2,2.0,,2.0,,2.0
987,1995-03-04 23:23,Colombia,1.2819999999999998,-77.307,5,4.4,,8,8.0,8.0,8.0,,8.0
988,1995-03-26 15:12,Ecuador,-2.133,-79.509,95.5,5.6,,,,,1.0,,1.0
989,1995-05-13 08:47,Greece,40.144,21.718000000000004,14,6.6,,0,0.0,,26.0,,26.0
990,1995-05-14 11:33,Indonesia,-8.462,125.039,11,6.9,"T,L",0,11.0,11.0,,,11.0
991,1995-05-21 06:13,Indonesia,-8.288,122.944,26.4,5.2,,1,1.0,1.0,,,1.0
992,1995-05-27 13:03,Russian Federation ,52.604,142.82299999999998,11,7.0,,1989,1989.0,1989.0,1989.0,,1989.0
993,1995-06-15 00:15,Greece,38.444,22.309,14,6.2,,26,26.0,26.0,26.0,,26.0
994,1995-06-25 06:59,Taiwan,24.62,121.679,60.3,5.9,L,0,1.0,1.0,,,1.0
995,1995-07-11 21:46,Burma,21.948,99.103,9.2,6.8,,11,11.0,11.0,11.0,,11.0
996,1995-07-21 22:44,China,36.436,103.166,7.4,5.6,,14,14.0,14.0,14.0,,14.0
997,1995-07-30 05:11,Chile ,-23.34,-70.253,46,8.0,"T,L",3,3.0,3.0,3.0,,3.0
998,1995-09-14 14:04,Mexico,16.849,-98.60799999999999,23,7.3,,3,3.0,3.0,6.0,,6.0
999,1995-10-01 15:57,Turkey,38.077,30.143,31,6.4,,101,101.0,101.0,94.0,,101.0
1000,1995-10-03 01:51,Ecuador,-2.79,-77.82300000000001,24,7.0,,2,2.0,2.0,2.0,,2.0
1001,1995-10-06 18:09,Indonesia,-2.0069999999999997,101.45,36.6,6.7,L,84,84.0,84.0,84.0,,84.0
1002,1995-10-09 15:35,Mexico ,19.053,-104.208,26.4,8.0,"T,L",49,49.0,58.0,,,58.0
1003,1995-10-23 22:46,China,25.947,102.22,14.7,6.2,,81,81.0,53.0,46.0,,81.0
1004,1995-11-22 04:15,Saudi Arabia/Egypt ,28.761999999999997,34.808,14,7.2,Lq,9,10.0,10.0,10.0,,10.0
1005,1995-12-19 20:56,Guatemala,15.175,-90.171,15,5.3,L,0,1.0,1.0,,,1.0
1006,1995-12-19 23:28,Indonesia,-3.665,140.263,63,6.4,,0,2.0,2.0,,,2.0
1007,1996-01-01 08:05,Indonesia,0.7140000000000001,119.905,24,7.9,T,8,9.0,10.0,9.0,,10.0
1008,1996-02-03 11:14,China ,27.271,100.262,12.2,6.6,,322,322.0,309.0,309.0,,322.0
1009,1996-02-17 05:59,Indonesia ,-0.9179999999999999,136.97299999999998,35.8,8.2,T,108,166.0,166.0,166.0,,166.0
1010,1996-02-21 12:51,Peru ,-9.722000000000001,-79.868,15,7.5,T,0,7.0,,,,7.0
1011,1996-03-19 15:00,China,40.043,76.62100000000001,18.9,6.3,,24,24.0,24.0,26.0,,26.0
1012,1996-03-28 23:03,Ecuador,-1.031,-78.65899999999999,9,5.9,L,27,27.0,,27.0,,27.0
1013,1996-04-29 14:40,Papua New Guinea,-6.518,155.116,38,7.2,,1,1.0,1.0,,,1.0
1014,1996-05-03 03:32,China,40.777,109.713,24.5,6.0,,18,18.0,26.0,18.0,,26.0
1015,1996-08-14 01:55,Turkey,40.696999999999996,35.293,25.8,5.7,L,0,0.0,1.0,0.0,,1.0
1016,1996-09-24 19:24,China,27.212,100.33200000000001,8.2,5.5,,,,1.0,0.0,,1.0
1017,1996-10-09 13:10,Cyprus,34.562,32.143,22,6.8,,1,2.0,2.0,,,2.0
1018,1996-11-12 16:59,Peru,-14.959000000000001,-75.562,21,7.7,T,14,14.0,15.0,14.0,,15.0
1019,1997-01-11 20:28,Mexico,18.192999999999998,-102.795,35,7.1,,1,1.0,1.0,1.0,,1.0
1020,1997-01-21 01:48,China ,39.536,76.87899999999999,15,5.9,,12,12.0,12.0,12.0,,12.0
1021,1997-01-22 17:57,Turkey,36.199,35.902,46.1,5.7,,0,0.0,1.0,,,1.0
1022,1997-02-04 10:37,Iran,37.724000000000004,57.305,15,6.5,,100,100.0,100.0,100.0,,100.0
1023,1997-02-27 21:08,Pakistan ,29.979,68.165,34.9,7.1,L,60,60.0,57.0,50.0,,60.0
1024,1997-02-28 12:57,Iran ,38.108000000000004,48.068999999999996,9.7,6.1,,1100,1100.0,1100.0,1100.0,,1100.0
1025,1997-03-01 06:04,China,39.45,76.817,19.3,5.6,,2,2.0,1.0,2.0,,2.0
1026,1997-03-19 19:57,Pakistan,34.79,71.523,15,4.9,,15,15.0,15.0,,,15.0
1027,1997-04-05 23:46,China,39.525,76.83,15,5.9,,0,0.0,,9.0,,9.0
1028,1997-04-11 05:34,China,39.536,76.892,20,6.1,,9,9.0,9.0,9.0,,9.0
1029,1997-05-10 07:57,Iran ,33.848,59.81,12.6,7.2,L,1572,1572.0,1572.0,1568.0,,1572.0
1030,1997-05-13 11:42,Iran,33.399,59.88,11.6,4.5,,1,1.0,1.0,,,1.0
1031,1997-05-13 14:13,Afghanistan,36.467,70.968,196,6.4,,1,1.0,,,,1.0
1032,1997-05-21 22:51,India ,23.072,80.083,36,5.8,,38,38.0,38.0,43.0,,43.0
1033,1997-05-21 23:50,Spain,42.83,-7.231,17.1,5.3,,0,1.0,,,,1.0
1034,1997-07-09 19:24,,10.45,-63.532,10,6.9,L,81,81.0,81.0,80.0,,81.0
1035,1997-07-21 08:45,South Africa,-26.857,26.619,5,5.0,,0,15.0,15.0,15.0,,15.0
1036,1997-09-26 09:40,Italy ,43.078,12.780999999999999,6,6.0,,11,11.0,11.0,14.0,,14.0
1037,1997-09-28 01:38,Indonesia,-3.773,119.65799999999999,13,5.8,,18,18.0,17.0,20.0,,20.0
1038,1997-10-15 01:03,Chile ,-30.878,-71.167,58,7.1,L,7,8.0,8.0,8.0,,8.0
1039,1997-11-06 02:34,Canada,46.771,-71.387,22.5,5.1,,0,1.0,1.0,,,1.0
1040,1997-11-21 11:23,India ,22.26,92.715,54,6.1,,23,23.0,23.0,23.0,,23.0
1041,1998-01-10 03:50,China,41.137,114.523,5,5.7,F,70,70.0,49.0,49.0,,70.0
1042,1998-01-30 12:16,Chile,-23.85,-70.14699999999999,42,7.0,,0,1.0,,,,1.0
1043,1998-02-04 14:33,Afghanistan ,37.08,70.00399999999999,17.6,5.9,L,2323,2323.0,2323.0,2323.0,,2323.0
1044,1998-02-20 12:18,Afghanistan,36.479,71.074,236,6.3,L,1,1.0,1.0,1.0,,1.0
1045,1998-03-14 19:40,Iran,30.125999999999998,57.585,13.8,6.6,,5,5.0,5.0,5.0,,5.0
1046,1998-03-26 16:26,Italy,43.224,12.919,10,5.4,,0,1.0,,,,1.0
1047,1998-04-10 15:00,Iran,32.446999999999996,60.063,7,5.7,,12,12.0,12.0,,,12.0
1048,1998-04-12 10:55,Slovenia,46.271,13.652999999999999,7.5,5.6,L,0,1.0,,0.0,,1.0
1049,1998-05-22 04:48,Bolivia,-17.783,-65.40100000000001,24,6.6,,105,105.0,105.0,95.0,,105.0
1050,1998-05-30 06:22,Afghanistan ,37.185,70.075,35.5,6.5,L,4000,4000.0,4000.0,4700.0,,4700.0
1051,1998-06-27 13:55,Turkey ,36.903,35.325,16,6.3,,145,145.0,145.0,,,145.0
1052,1998-07-09 05:19,Portugal,38.621,-28.566,9,6.1,,10,10.0,10.0,10.0,,10.0
1053,1998-07-09 14:19,Azerbaijan,38.726,48.525,29,5.9,,,,,1.0,,1.0
1054,1998-07-17 04:51,Taiwan,23.503,120.711,11,5.7,L,5,5.0,5.0,,,5.0
1055,1998-07-17 08:49,Papua New Guinea ,-2.946,142.52,23,7.0,T,0,2683.0,2700.0,,,2700.0
1056,1998-07-29 07:14,Chile,-32.327,-71.244,51,6.4,L,0,2.0,,,,2.0
1057,1998-08-04 18:59,Ecuador ,-0.594,-80.313,20,7.1,L,3,3.0,3.0,3.0,,3.0
1058,1998-08-27 09:03,China,39.571999999999996,77.298,28,6.3,,3,3.0,3.0,,,3.0
1059,1998-09-09 11:27,Italy,40.0,15.975,10,5.6,,1,2.0,1.0,,,2.0
1060,1998-09-28 13:34,Indonesia,-8.177,112.34,151.6,6.5,,1,1.0,1.0,,,1.0
1061,1998-09-29 22:14,Serbia ,44.203,20.094,15,5.5,,0,1.0,,0.0,,1.0
1062,1998-11-13 13:01,Iran,27.791,53.641999999999996,12.5,5.4,L,5,5.0,5.0,5.0,,5.0
1063,1998-11-19 11:38,China,27.263,100.955,4.8,5.6,L,5,5.0,6.0,3.0,,6.0
1064,1998-11-29 14:10,Indonesia,-1.939,124.818,16,7.7,,41,41.0,41.0,,,41.0
1065,1998-12-11 20:16,Afghanistan,36.518,71.0,219,5.6,,5,5.0,5.0,,,5.0
1066,1999-01-25 18:19,Colombia ,4.444,-75.65899999999999,17,6.1,L,1185,1885.0,1900.0,1186.0,,1900.0
1067,1999-02-11 14:08,Afghanistan,34.323,69.165,25.5,6.0,,70,70.0,70.0,70.0,,70.0
1068,1999-02-21 18:14,Russian Federation,43.262,46.909,41.9,5.3,,1,1.0,1.0,1.0,,1.0
1069,1999-03-04 05:38,Iran,28.271,57.207,27.7,6.6,,1,1.0,1.0,1.0,,1.0
1070,1999-03-28 19:05,India ,30.475,79.40100000000001,10.7,6.5,L,100,100.0,100.0,100.0,,100.0
1071,1999-04-03 06:17,Peru,-16.602,-72.518,85,6.8,L,1,1.0,1.0,,,1.0
1072,1999-04-22 22:19,South Africa,-27.953000000000003,26.679000000000002,6.5,5.7,,0,2.0,2.0,,,2.0
1073,1999-05-06 23:00,Iran,29.519000000000002,51.907,16.3,6.2,,26,26.0,26.0,20.0,,26.0
1074,1999-06-04 09:12,Azerbaijan,40.766999999999996,47.483000000000004,14,5.4,,0,0.0,,1.0,,1.0
1075,1999-06-15 20:42,Mexico ,18.381,-97.445,63,6.9,L,16,20.0,17.0,15.0,,20.0
1076,1999-07-11 14:14,Guatemala,15.790999999999999,-88.285,15,6.7,,1,2.0,1.0,,,2.0
1077,1999-07-22 10:42,Bangladesh,21.658,91.93299999999999,25,5.2,,6,6.0,6.0,6.0,,6.0
1078,1999-08-10 19:33,Iran,36.157,54.648,20,4.5,,1,1.0,1.0,,,1.0
1079,1999-08-17 00:01,Turkey ,40.773,30.003,13.3,7.6,,17118,,17118.0,17127.0,45000.0,45000.0
1080,1999-08-31 08:10,Turkey,40.766999999999996,29.912,8.4,5.1,,1,1.0,1.0,1.0,,1.0
1081,1999-09-07 11:56,Greece ,38.119,23.598000000000003,10,6.0,,143,143.0,143.0,143.0,,143.0
1082,1999-09-13 11:55,Turkey,40.736,30.089000000000002,13,5.8,,6,7.0,6.0,6.0,,7.0
1083,1999-09-20 17:47,Taiwan ,23.819000000000003,120.87700000000001,21,7.6,L,2297,2297.0,2413.0,2264.0,2489.0,2489.0
1084,1999-09-25 23:52,Taiwan,23.813000000000002,121.087,17,6.5,L,,,5.0,,,5.0
1085,1999-09-29 00:13,Turkey,40.736,29.35,7.6,5.2,,1,1.0,1.0,,,1.0
1086,1999-09-30 16:31,Mexico ,16.055,-96.905,40,7.4,L,15,15.0,35.0,31.0,,35.0
1087,1999-10-22 02:18,Taiwan,23.531,120.443,14,5.8,,1,1.0,1.0,1.0,,1.0
1088,1999-11-07 16:54,Turkey,40.695,30.724,16,4.9,,0,1.0,,,,1.0
1089,1999-11-11 14:41,Turkey,40.74,30.247,10,5.6,,1,2.0,1.0,3.0,,3.0
1090,1999-11-12 16:57,Turkey ,40.803000000000004,31.219,12.8,7.2,L,894,894.0,894.0,845.0,,894.0
1091,1999-11-24 16:40,China,24.586,102.845,15,5.0,,1,1.0,1.0,,,1.0
1092,1999-11-26 13:21,Vanuatu,-16.316,168.239,33,7.4,"T,L",,10.0,10.0,12.0,,12.0
1093,1999-12-03 17:06,Turkey,40.482,42.354,6.4,5.7,L,1,1.0,1.0,,,1.0
1094,1999-12-11 18:03,Philippines,15.779000000000002,119.77600000000001,40,7.2,,1,5.0,1.0,6.0,,6.0
1095,1999-12-15 05:12,Philippines,11.296,124.516,16.2,4.8,,1,1.0,,,,1.0
1096,1999-12-21 14:14,Indonesia,-6.8229999999999995,105.49799999999999,42,6.4,,5,5.0,5.0,5.0,,5.0
1097,1999-12-22 17:36,Algeria,35.21,-1.3159999999999998,2.3,5.6,,24,24.0,24.0,22.0,,24.0
1098,2000-01-14 22:09,China ,25.549,101.118,13.6,5.5,,,,,7.0,,7.0
1099,2000-01-14 23:37,China ,25.566999999999997,101.071,24.9,5.9,,7,7.0,7.0,,,7.0
1100,2000-01-26 20:55,China,24.148000000000003,103.654,35,4.9,,0,0.0,,1.0,,1.0
1101,2000-02-02 22:58,Iran,35.238,58.213,22.7,5.3,,1,1.0,1.0,1.0,,1.0
1102,2000-05-04 04:21,Indonesia,-1.14,123.522,26,7.5,T,46,46.0,46.0,45.0,,46.0
1103,2000-05-07 23:10,Turkey,38.164,38.777,5,4.5,,0,0.0,,1.0,,1.0
1104,2000-05-12 18:43,Argentina,-23.754,-66.777,225,7.2,,0,1.0,1.0,,,1.0
1105,2000-05-17 03:25,Taiwan,24.166999999999998,121.07799999999999,15,5.4,L,3,3.0,3.0,,,3.0
1106,2000-06-04 16:28,Indonesia,-4.76,102.031,33.8,7.9,L,103,103.0,103.0,103.0,,103.0
1107,2000-06-05 23:55,Indonesia,-4.151,101.95299999999999,47,5.5,,,,,1.0,,1.0
1108,2000-06-06 02:41,Turkey,40.736999999999995,33.005,7,6.0,,2,2.0,2.0,2.0,,2.0
1109,2000-06-07 23:45,Indonesia,-4.651,101.848,32,6.7,,1,1.0,1.0,,,1.0
1110,2000-06-10 18:23,Taiwan,23.868000000000002,121.181,19,6.4,L,0,2.0,,,,2.0
1111,2000-07-01 07:01,Japan,34.222,139.171,12.5,6.1,"T,L",0,1.0,1.0,1.0,,1.0
1112,2000-07-06 19:30,Nicaragua,11.927999999999999,-86.066,15,5.4,,7,7.0,7.0,7.0,,7.0
1113,2000-07-07 00:15,Turkey,40.857,29.344,7.8,4.2,,0,1.0,,,,1.0
1114,2000-07-17 22:53,Afghanistan,36.245,70.943,135,6.3,,2,2.0,2.0,,,2.0
1115,2000-08-21 13:25,China,25.726,102.24,5.4,4.9,,1,1.0,1.0,1.0,,1.0
1116,2000-09-20 08:37,Ecuador,-1.946,-80.52199999999999,40,5.5,,1,1.0,1.0,,,1.0
1117,2000-10-02 02:25,Tanzania,-7.965,30.805999999999997,34,6.4,,0,0.0,,1.0,,1.0
1118,2000-11-08 06:59,Colombia,7.091,-77.811,17,6.5,,0,0.0,,2.0,,2.0
1119,2000-11-10 20:10,Algeria,36.437,4.838,7,5.7,,2,2.0,2.0,,,2.0
1120,2000-11-16 04:54,Papua New Guinea,-3.9960000000000004,152.268,27.6,8.0,"T,L",1,2.0,2.0,1.0,,2.0
1121,2000-11-25 18:09,Azerbaijan ,40.198,49.928999999999995,51.6,6.8,,5,31.0,5.0,31.0,,31.0
1122,2000-11-25 18:10,Azerbaijan,40.161,49.912,52.9,6.5,,,,,,,
1123,2000-12-06 17:11,Turkmenistan,39.532,54.801,30.6,7.0,,11,11.0,11.0,11.0,,11.0
1124,2000-12-15 16:44,Turkey,38.451,31.265,12,6.0,,6,6.0,6.0,,,6.0
1125,2001-01-13 17:33,El Salvador ,13.075999999999999,-88.70200000000001,38,7.6,L,267,852.0,852.0,844.0,,852.0
1126,2001-01-26 03:16,India ,23.401999999999997,70.28699999999999,23.3,7.6,,20023,20023.0,20023.0,20005.0,,20023.0
1127,2001-02-13 14:22,El Salvador ,13.6,-89.001,11,6.6,L,315,315.0,315.0,315.0,,315.0
1128,2001-02-17 20:25,El Salvador ,13.787,-89.10600000000001,10,5.1,L,1,1.0,1.0,,,1.0
1129,2001-02-23 00:09,China,29.459,101.079,7,5.6,,3,3.0,3.0,3.0,,3.0
1130,2001-02-28 18:54,United States ,47.09,-122.581,54,6.8,"L,Lq",0,0.0,,1.0,,1.0
1131,2001-03-24 06:27,Japan,34.108000000000004,132.54,42,6.8,,2,2.0,2.0,2.0,,2.0
1132,2001-04-12 10:47,China,24.805999999999997,99.051,10.1,5.6,L,2,2.0,2.0,2.0,,2.0
1133,2001-05-23 21:10,China,27.619,100.90100000000001,2.1,5.4,,2,2.0,2.0,2.0,,2.0
1134,2001-06-01 14:00,Afghanistan,35.105,69.324,44.5,5.0,,4,4.0,4.0,4.0,,4.0
1135,2001-06-21 19:55,France,49.147,6.87,1,4.2,,0,1.0,1.0,,,1.0
1136,2001-06-23 20:33,Peru ,-16.385,-73.505,33.7,8.4,"T,L",48,138.0,139.0,145.0,,145.0
1137,2001-07-07 09:38,Peru,-17.532,-71.931,14.1,7.6,L,1,1.0,1.0,,,1.0
1138,2001-07-17 15:06,Italy,46.723,11.234000000000002,5.7,4.7,L,0,4.0,3.0,,,4.0
1139,2001-07-24 05:00,Chile,-19.558,-69.234,13.4,6.3,,1,1.0,1.0,,,1.0
1140,2001-08-09 02:06,Peru,-14.347999999999999,-72.68,9.6,5.8,,4,4.0,4.0,4.0,,4.0
1141,2001-10-27 05:35,China,26.289,100.586,5.8,5.5,,1,1.0,1.0,1.0,,1.0
1142,2001-12-04 05:57,Peru,-15.353,-72.435,41.4,5.8,,2,2.0,2.0,,,2.0
1143,2002-01-09 06:45,Tajikistan,38.644,69.844,28.6,5.2,,3,3.0,3.0,3.0,,3.0
1144,2002-01-10 11:14,Papua New Guinea,-3.264,142.447,11,6.7,,1,1.0,1.0,1.0,,1.0
1145,2002-01-21 04:39,Democratic Republic of the Congo,-1.77,28.996,11.6,5.1,,,,,45.0,,45.0
1146,2002-01-21 14:34,Turkey,38.633,27.886999999999997,27.5,4.8,,1,1.0,,,,1.0
1147,2002-01-22 04:53,Greece,35.624,26.645,88,6.2,,0,1.0,,,,1.0
1148,2002-02-03 07:11,Turkey,38.527,31.226999999999997,5,6.5,,44,44.0,44.0,42.0,,44.0
1149,2002-02-17 13:03,Iran,28.089000000000002,51.792,16.4,5.3,,1,1.0,1.0,1.0,,1.0
1150,2002-03-03 12:08,Afghanistan ,36.508,70.503,204,7.3,L,16,166.0,166.0,150.0,,166.0
1151,2002-03-05 21:16,Philippines,6.028,124.21799999999999,31,7.5,"T,L",15,15.0,15.0,15.0,,15.0
1152,2002-03-25 14:56,Afghanistan ,36.051,69.21,10.5,6.1,L,1000,1000.0,1000.0,1000.0,,1000.0
1153,2002-03-27 08:52,Afghanistan,36.053000000000004,69.248,9.1,5.6,L,,,,,,
1154,2002-03-31 06:52,Taiwan,24.3,122.14200000000001,34,7.1,"T,L",5,5.0,5.0,4.0,,5.0
1155,2002-04-01 06:14,Papua New Guinea,-6.231,147.545,81.4,5.3,L,0,36.0,36.0,,,36.0
1156,2002-04-12 04:00,Afghanistan,35.988,69.296,7.8,5.8,L,50,50.0,50.0,50.0,,50.0
1157,2002-04-22 04:57,Peru,-12.427999999999999,-76.578,64.9,4.4,,0,1.0,,,,1.0
1158,2002-04-24 10:51,Serbia,42.42,21.533,8,5.7,,1,1.0,1.0,1.0,,1.0
1159,2002-04-24 19:48,Iran,34.602,47.401,25,5.4,,2,2.0,2.0,2.0,,2.0
1160,2002-04-25 17:41,Georgia,41.766999999999996,44.857,34.8,4.8,L,5,5.0,5.0,6.0,,6.0
1161,2002-05-15 03:46,Taiwan,24.668000000000003,121.868,16.7,6.1,L,1,1.0,1.0,,,1.0
1162,2002-05-18 15:15,Tanzania,-2.9189999999999996,33.738,9.8,5.5,,2,2.0,2.0,2.0,,2.0
1163,2002-06-22 02:58,Iran,35.597,49.02,11,6.5,,261,261.0,227.0,227.0,,261.0
1164,2002-09-06 01:21,Italy,38.335,13.728,13,5.9,,0,2.0,,,,2.0
1165,2002-09-08 18:44,Papua New Guinea,-3.262,142.94,13,7.6,"T,L",4,4.0,4.0,4.0,,4.0
1166,2002-09-13 22:28,India,13.013,93.09299999999999,15,6.5,T,2,2.0,2.0,2.0,,2.0
1167,2002-10-10 10:50,Indonesia,-1.7,134.23,16,7.5,"T,L,Lq",8,8.0,8.0,8.0,,8.0
1168,2002-10-24 06:08,Democratic Republic of the Congo,-1.962,29.013,11,6.2,,2,2.0,2.0,,,2.0
1169,2002-10-31 10:33,Italy ,41.738,14.852,5.7,5.7,L,29,29.0,29.0,30.0,,30.0
1170,2002-11-01 22:09,Pakistan,35.393,74.627,27.5,5.3,L,11,11.0,,17.0,,17.0
1171,2002-11-02 01:26,Indonesia,2.8369999999999997,96.088,30,7.2,,3,3.0,3.0,3.0,,3.0
1172,2002-11-03 07:33,Pakistan,35.348,74.595,15.7,5.3,,,,,,,
1173,2002-11-20 21:32,Pakistan,35.336999999999996,74.556,14.8,6.3,L,19,19.0,19.0,19.0,,19.0
1174,2002-12-14 13:27,China,39.754,97.391,5,5.5,,2,2.0,2.0,2.0,,2.0
1175,2003-01-21 02:46,Guatemala,13.623,-90.85,24,6.4,,0,1.0,,,,1.0
1176,2003-01-22 02:06,Mexico ,18.9,-104.06299999999999,24,7.5,"T,L",29,29.0,,29.0,,29.0
1177,2003-01-27 05:26,Turkey,39.503,39.851,16.1,6.0,,1,1.0,1.0,1.0,,1.0
1178,2003-02-24 02:03,China ,39.515,77.204,14,6.3,,261,261.0,,268.0,,268.0
1179,2003-02-25 03:52,China ,39.402,77.358,18.7,5.3,,5,5.0,5.0,,,5.0
1180,2003-03-25 02:53,Indonesia,-8.339,120.60600000000001,34,6.4,,0,4.0,4.0,,,4.0
1181,2003-03-29 11:46,Afghanistan,35.907,70.55,110,5.8,,1,1.0,1.0,,,1.0
1182,2003-05-01 00:27,Turkey ,38.97,40.458,14,6.3,L,177,177.0,,177.0,,177.0
1183,2003-05-04 15:44,China,39.305,77.142,10,5.8,,0,1.0,,1.0,,1.0
1184,2003-05-21 18:44,Algeria ,36.88,3.694,12,6.8,"T,L,Lq",2266,2266.0,,2266.0,,2266.0
1185,2003-05-22 18:11,Kazakhstan,42.95399999999999,72.763,35,5.5,,,,,3.0,,3.0
1186,2003-05-26 19:23,Indonesia,2.349,128.879,31,6.9,,1,1.0,1.0,1.0,,1.0
1187,2003-05-27 17:11,Algeria,36.865,3.592,8,5.7,T,9,9.0,,9.0,,9.0
1188,2003-06-24 13:01,Iran,33.024,49.463,15,4.6,L,1,1.0,1.0,,,1.0
1189,2003-07-10 17:06,Iran,28.311,54.165,8,5.7,,1,1.0,1.0,1.0,,1.0
1190,2003-07-21 15:16,China,25.958000000000002,101.26,35,5.9,L,16,16.0,16.0,16.0,,16.0
1191,2003-07-26 23:18,Bangladesh,22.868000000000002,92.31700000000001,35,5.6,L,2,2.0,2.0,2.0,,2.0
1192,2003-07-27 07:32,Bangladesh,22.743000000000002,92.16799999999999,10,4.3,,,,,,,
1193,2003-07-27 12:07,Bangladesh,22.836,92.316,35,5.4,,,,,,,
1194,2003-08-16 10:58,China,43.778999999999996,119.71799999999999,23.3,5.4,,4,4.0,4.0,4.0,,4.0
1195,2003-09-22 04:45,Dominican Republic,19.766,-70.693,14,6.4,L,1,3.0,1.0,3.0,,3.0
1196,2003-09-25 19:50,Japan,41.864,143.878,27,8.3,"T,LF",0,0.0,,2.0,,2.0
1197,2003-09-27 11:33,Russian Federation,50.031000000000006,87.81700000000001,12.3,7.3,L,0,3.0,,3.0,,3.0
1198,2003-10-16 12:28,China,25.881999999999998,101.256,35,5.6,,3,3.0,3.0,3.0,,3.0
1199,2003-10-25 12:41,China,38.385999999999996,100.978,12,5.8,,9,9.0,9.0,9.0,,9.0
1200,2003-10-25 12:47,China,38.371,100.994,13.5,5.8,,,,,,,
1201,2003-11-13 02:35,China,34.713,103.865,35,5.1,,1,1.0,1.0,1.0,,1.0
1202,2003-11-14 18:49,China,27.462,103.97399999999999,35,5.6,,4,4.0,4.0,4.0,,4.0
1203,2003-11-18 17:14,Philippines,12.113,125.416,35,6.5,L,1,1.0,1.0,,,1.0
1204,2003-12-01 01:38,Kazakhstan,42.885,80.546,17,6.0,,11,11.0,11.0,11.0,,11.0
1205,2003-12-22 19:15,United States ,35.629,-121.075,16,6.6,"L,Lq",2,2.0,2.0,2.0,,2.0
1206,2003-12-25 07:11,Panama,8.369,-82.84200000000001,34,6.5,,2,2.0,2.0,2.0,,2.0
1207,2003-12-26 01:56,Iran ,28.95,58.268,6,6.6,L,31000,31000.0,,26796.0,26271.0,31000.0
1208,2004-01-01 20:59,Indonesia,-8.349,115.758,45.4,5.8,,1,1.0,,1.0,,1.0
1209,2004-02-05 21:05,Indonesia,-3.661,135.597,23,7.0,F,37,37.0,,37.0,,37.0
1210,2004-02-14 10:30,Pakistan,34.751,73.178,11,5.4,L,10,24.0,,24.0,,24.0
1211,2004-02-14 11:56,Pakistan,34.772,73.169,11,5.3,,,,,,,
1212,2004-02-16 14:44,Indonesia,-0.516,100.54799999999999,12.7,5.0,,5,5.0,,5.0,,5.0
1213,2004-02-24 02:14,Burundi,-3.36,29.445999999999998,15.7,4.7,,3,3.0,,3.0,,3.0
1214,2004-02-24 02:27,Morocco ,35.184,-3.985,8,6.3,L,631,631.0,,628.0,,631.0
1215,2004-02-25 12:44,Morocco,35.225,-4.08,7.2,5.2,,,,,,,
1216,2004-02-26 12:07,Morocco,35.246,-4.178,18.3,4.9,,,,,,,
1217,2004-03-01 23:55,Turkey,38.058,38.277,5,3.8,,6,6.0,,,,6.0
1218,2004-03-07 06:37,Morocco,35.174,-4.1610000000000005,34.6,5.1,,,,,,,
1219,2004-03-25 19:30,Turkey,39.804,40.721,56.3,5.6,,10,10.0,,9.0,,10.0
1220,2004-04-05 21:24,Afghanistan,36.48,71.042,175,6.5,,3,3.0,,,,3.0
1221,2004-05-01 07:56,Taiwan,24.058000000000003,121.6,27.3,5.2,L,0,2.0,,,,2.0
1222,2004-05-08 20:11,Pakistan,30.166999999999998,67.068,35,4.5,,1,1.0,,,,1.0
1223,2004-05-28 12:38,Iran,36.257,51.565,26.7,6.3,L,,35.0,,35.0,,35.0
1224,2004-07-01 22:30,Turkey,39.735,43.908,27.1,5.1,,18,18.0,,18.0,,18.0
1225,2004-07-12 13:04,Slovenia,46.305,13.628,7.3,5.2,L,0,1.0,,1.0,,1.0
1226,2004-07-18 04:22,New Zealand,-38.013000000000005,176.43200000000002,2.4,5.4,L,1,1.0,,,,1.0
1227,2004-07-18 08:31,Afghanistan,33.344,69.479,5.7,5.2,,2,2.0,,2.0,,2.0
1228,2004-07-30 07:14,Turkey,39.69,43.935,20,4.8,,1,1.0,,,,1.0
1229,2004-08-10 10:26,China,27.318,103.917,13.2,5.3,,4,4.0,,4.0,,4.0
1230,2004-08-11 15:48,Turkey,38.347,39.232,4.5,5.6,,1,1.0,,,,1.0
1231,2004-09-07 11:53,Argentina,-28.568,-65.85,13,6.1,,1,1.0,,,,1.0
1232,2004-09-15 08:35,Indonesia,-8.783999999999999,115.325,96.7,5.3,,1,1.0,,,,1.0
1233,2004-10-23 08:56,Japan ,37.23,138.80100000000002,16,6.6,"L,F",40,40.0,,40.0,68.0,68.0
1234,2004-11-11 21:26,Indonesia,-8.166,124.764,13,7.5,L,34,34.0,,33.0,,34.0
1235,2004-11-20 08:07,Costa Rica,9.623,-84.165,16,6.4,L,8,8.0,,8.0,,8.0
1236,2004-11-21 11:41,Guadeloupe,15.679,-61.724,14,6.3,,1,1.0,,1.0,,1.0
1237,2004-11-26 02:25,Indonesia,-3.615,135.45,24,7.1,F,32,32.0,,32.0,,32.0
1238,2004-12-01 23:17,Indonesia,-3.6889999999999996,135.60399999999998,7.2,5.5,,1,1.0,,,,1.0
1239,2004-12-26 00:58,Indonesia ,3.287,95.97200000000001,30,9.1,"T,L",,297200.0,,,231000.0,297200.0
1240,2005-01-23 20:10,Indonesia,-1.196,119.91,38.1,6.2,,1,1.0,,1.0,,1.0
1241,2005-01-25 16:44,Turkey,37.603,43.691,40.6,5.9,,2,2.0,,,,2.0
1242,2005-02-02 05:55,Indonesia,-7.004,107.816,57.2,4.8,,1,1.0,,,,1.0
1243,2005-02-05 12:23,Philippines,5.321000000000001,123.338,522.1,7.1,,2,2.0,,,,2.0
1244,2005-02-22 02:25,Iran ,30.691,56.794,7,6.4,,612,612.0,,612.0,,612.0
1245,2005-03-09 10:15,South Africa,-26.889,26.775,13,5.0,,2,2.0,,2.0,,2.0
1246,2005-03-20 01:53,Japan ,33.802,130.209,10.7,6.6,L,1,1.0,,1.0,,1.0
1247,2005-03-28 16:09,Indonesia ,2.069,97.09700000000001,22,8.6,T,1303,1313.0,,915.0,,1313.0
1248,2005-05-03 07:21,Iran,33.655,48.669,27.1,4.9,,4,4.0,,,,4.0
1249,2005-06-04 14:50,Papua New Guinea,-6.355,146.846,44,6.1,,1,1.0,,1.0,,1.0
1250,2005-06-13 22:44,Chile,-20.007,-69.19800000000001,105.2,7.8,L,5,11.0,,11.0,,11.0
1251,2005-07-05 16:53,South Africa,-26.468000000000004,27.435,5,2.7,,0,1.0,,,,1.0
1252,2005-07-25 15:43,China,46.88399999999999,125.03,43.3,5.0,,1,1.0,,,,1.0
1253,2005-09-26 01:55,Peru ,-5.721,-76.414,120.9,7.5,,5,5.0,,5.0,,5.0
1254,2005-10-08 03:50,Pakistan ,34.465,73.584,23.1,7.6,"L,Lq",87351,87351.0,,73338.0,,87351.0
1255,2005-10-15 04:24,Pakistan,33.977,73.929,11.6,5.2,,2,2.0,,,,2.0
1256,2005-10-20 21:40,Turkey,38.158,26.753,7.7,5.8,,0,1.0,,,,1.0
1257,2005-10-27 11:18,China,23.604,107.79799999999999,10,4.2,,1,1.0,,,,1.0
1258,2005-11-08 07:54,Vietnam,9.972999999999999,108.226,14.7,5.3,,1,1.0,,,,1.0
1259,2005-11-26 00:49,China ,29.714000000000002,115.663,10.5,5.2,,16,16.0,,,,16.0
1260,2005-11-27 10:22,"Iran, 2005 Qeshm earthquake",26.785999999999998,55.833,18.4,5.9,,13,13.0,,13.0,,13.0
1261,2005-12-05 12:19,Tanzania ,-6.246,29.789,20,6.8,,6,6.0,,6.0,,6.0
1262,2005-12-12 21:47,Afghanistan ,36.285,71.12,223.8,6.5,,5,5.0,,5.0,,5.0
1263,2005-12-14 07:09,India,30.46,79.20100000000001,35.5,5.1,L,1,1.0,,,,1.0
1264,2006-02-14 00:55,India,27.381999999999998,88.38799999999999,30,5.3,L,0,2.0,,,,2.0
1265,2006-02-22 22:19,Mozambique,-21.324,33.583,11,7.0,,4,4.0,,,,4.0
1266,2006-03-10 07:50,Pakistan,33.129,73.887,10,4.9,,1,1.0,,,,1.0
1267,2006-03-14 06:57,Indonesia,-3.595,127.214,30,6.7,"T,L",0,4.0,,4.0,,4.0
1268,2006-03-20 19:44,Algeria,36.623000000000005,5.327999999999999,10,5.2,,4,4.0,,4.0,,4.0
1269,2006-03-25 07:28,Iran,27.574,55.685,18,5.9,,1,1.0,,,,1.0
1270,2006-03-31 01:17,Iran ,33.5,48.78,7,6.1,,70,70.0,,63.0,,70.0
1271,2006-04-25 11:26,Australia,-41.163999999999994,146.863,4,2.2,,0,1.0,,,,1.0
1272,2006-05-26 22:53,Indonesia ,-7.961,110.446,12,6.4,,5749,5749.0,,,,5749.0
1273,2006-06-03 07:15,Iran,26.759,55.843,12,5.1,,2,2.0,,,,2.0
1274,2006-07-17 08:19,Indonesia ,-9.254,107.411,34,7.7,T,0,730.0,,,,730.0
1275,2006-07-22 01:10,China ,27.995,104.13799999999999,55,4.9,L,0,22.0,,22.0,,22.0
1276,2006-07-29 00:11,Tajikistan ,37.255,68.828,34,5.6,,3,3.0,,3.0,,3.0
1277,2006-08-25 05:51,China,28.011999999999997,104.15100000000001,21,5.0,L,1,1.0,,,,1.0
1278,2006-09-29 18:23,Venezuela,10.814,-61.758,52,5.5,,1,1.0,,,,1.0
1279,2006-12-01 14:01,Indonesia,-8.251,118.777,43,6.3,,0,1.0,,,,1.0
1280,2006-12-17 21:39,Indonesia,0.626,99.859,30,5.8,L,7,7.0,,,,7.0
1281,2006-12-26 12:26,Taiwan ,21.799,120.54700000000001,10,7.0,,2,2.0,,,,2.0
1282,2007-01-21 11:27,Indonesia,1.065,126.28200000000001,22,7.5,,3,4.0,,,,4.0
1283,2007-03-06 03:49,Indonesia ,-0.48,100.47,19.3,6.4,,67,67.0,,67.0,,67.0
1284,2007-03-25 00:41,Japan ,37.34,136.54,8,6.7,T,1,1.0,,1.0,,1.0
1285,2007-04-01 20:39,Solomon Islands ,-8.43,157.06,10,8.1,"T,L",0,54.0,,,,54.0
1286,2007-04-21 17:53,Chile ,-45.24,-72.67,36.7,6.2,"T,L",0,10.0,,10.0,,10.0
1287,2007-06-02 21:34,China,23.02,101.01,5,6.1,L,3,3.0,,3.0,,3.0
1288,2007-07-16 01:13,Japan ,37.52,138.46,12,6.6,"T,L",9,9.0,,9.0,,9.0
1289,2007-07-21 22:44,Tajikistan,38.936,70.485,10,5.2,L,3,12.0,,11.0,,12.0
1290,2007-08-02 02:37,Russian Federation,47.11,141.81,5,6.2,T,2,2.0,,2.0,,2.0
1291,2007-08-15 23:40,Peru ,-13.38,-76.61,39,8.0,L,514,514.0,,519.0,,519.0
1292,2007-09-12 11:10,Indonesia,-4.44,101.37,34,8.5,T,25,25.0,,,,25.0
1293,2007-09-12 23:49,Indonesia,-2.66,100.83,37.3,7.9,,,,,,,
1294,2007-09-13 03:35,Indonesia,-2.15,99.61,27,7.1,,,,,,,
1295,2007-10-26 06:50,Pakistan,35.304,76.753,10,5.2,L,1,1.0,,,,1.0
1296,2007-11-06 09:38,India,21.180999999999997,70.72399999999999,10,5.1,,1,1.0,,,,1.0
1297,2007-11-07 04:12,Philippines,9.721,124.647,71,5.3,,1,1.0,,,,1.0
1298,2007-11-14 15:40,Chile,-22.247,-69.89,40,7.7,T,2,2.0,,,,2.0
1299,2007-11-25 16:02,Indonesia,-8.292,118.37,20,6.5,,3,3.0,,,,3.0
1300,2007-11-29 19:00,Martinique,14.944,-61.273999999999994,156,7.4,,1,1.0,,,,1.0
1301,2007-12-09 02:03,Brazil,-15.048,-44.231,10,4.9,,1,1.0,,,,1.0
1302,2007-12-20 07:55,New Zealand ,-39.010999999999996,178.291,20,6.6,,0,1.0,,,,1.0
1303,2008-01-09 22:24,Algeria,35.616,-0.57,10,4.6,,1,1.0,,,,1.0
1304,2008-01-22 17:14,Indonesia,1.011,97.44200000000001,20,6.2,,1,1.0,,,,1.0
1305,2008-02-03 07:34,Democratic Republic of the Congo ,-2.296,28.9,10,5.9,,44,44.0,,43.0,,44.0
1306,2008-02-06 06:09,India,23.433000000000003,87.111,10,4.3,,1,1.0,,,,1.0
1307,2008-02-14 02:07,Rwanda,-2.404,28.918000000000003,10,5.3,,1,1.0,,,,1.0
1308,2008-02-20 08:08,Indonesia,2.7680000000000002,95.964,26,7.3,,3,3.0,,3.0,,3.0
1309,2008-05-12 06:28,China ,31.002,103.322,19,7.9,L,69195,88287.0,,87476.0,,88287.0
1310,2008-05-24 19:20,Colombia,4.33,-73.764,8,5.9,L,0,6.0,,,,6.0
1311,2008-05-25 08:21,China,32.56,105.42299999999999,18,6.1,L,8,8.0,,,,8.0
1312,2008-06-06 20:02,Algeria,35.883,-0.6579999999999999,4,5.5,,0,1.0,,,,1.0
1313,2008-06-08 12:25,Greece ,37.963,21.525,16,6.4,,2,2.0,,2.0,,2.0
1314,2008-06-13 23:43,Japan ,39.03,140.881,7,6.9,L,13,13.0,,13.0,,13.0
1315,2008-06-17 05:51,China,32.760999999999996,105.554,10,4.8,,2,2.0,,,,2.0
1316,2008-07-15 03:26,Greece ,35.983000000000004,27.785,68,6.4,,,,,,,
1317,2008-08-21 12:24,China ,25.1,97.9,,5.9,,,,,,,
1318,2008-08-30 8:30,China ,26.0,101.9,10,5.7,,,,,,41.0,41.0
1319,2008-10-05 15:52,Kyrgyzstan ,39.515,73.768,27.6,6.9,,,,,,60.0,60.0
1320,2008-10-06 16:30,China ,,,,6.4,,,,,,,
1321,2008-10-28 23:09,Pakistan ,,,,6.4,,,,,,215.0,215.0
1322,2009-01-08 19:21,Costa Rica ,10.3962,-84.0281,48,6.1,L,,,,,34.0,34.0
1323,2009-04-06 03:32,Italy ,42.333999999999996,13.334000000000001,8.8,6.2,,,,,,295.0,295.0
1324,2009-07-09 11:19,China ,,,,5.7,,,,,,,
1325,2009-08-10 20:07,Japan ,,,,6.4,,,,,,1.0,1.0
1326,2009-09-02 07:55,Indonesia ,,,,7.0,,,,,,79.0,79.0
1327,2009-09-29 17:48,Samoa ,,,8.1,8.1,,,,,,189.0,189.0
1328,2009-09-30 10:16,Indonesia ,,,,7.6,,,,,,,
1329,2010-01-12 17:00,Haiti ,18.457,-72.533,13,7.0,,,,,,,
1330,2010-02-27 06:34,Chile ,-35.846,-72.719,35,8.8,T,,,,,521.0,521.0
1331,2010-03-08 02:32,Turkey ,,,,6.1,,,,,,42.0,42.0
1332,2010-03-11 14:39,Chile ,,,,6.9,L,,,,,1.0,1.0
1333,2010-04-14 23:49,China ,,,,6.9,L,,,,,,
1334,2011-02-21 23:51,New Zealand ,,,,6.3,Lq,,,,,181.0,181.0
1335,2011-03-10 04:58,China ,,,,5.4,,,,,,,
1336,2011-03-11 14:46,Japan ,38.321999999999996,142.369,24.4,9.0,T,,,,,15894.0,15894.0
1337,2011-03-24 20:25,Burma ,,,,6.8,,,,,,150.0,150.0
1338,2011-04-07 14:32,Japan ,38.2,140.0,66.0,7.1,,,,,,,
1339,2011-09-18 12:40,India ,27.723000000000003,88.064,19.7,6.9,L,,,,,111.0,111.0
1340,2011-09-23 10:41,Turkey ,38.6,43.5,7.2,7.1,,,,,,601.0,601.0
