,origin,country,lat,long,magnitude,shaking_death,deaths,year,month,decade,hour,Season,sleep,Class,year5,density,GDP
0,1900-05-11 17:23,Japan,38.7,141.1,7.0,,,1900,5,1900,2.0,spring,True,Major,1900,,
1,1900-07-12 06:25,Turkey,40.3,43.1,5.9,,140.0,1900,7,1900,8.0,summer,False,Moderate,1900,,
2,1901-02-15 00:00,China,26.0,100.1,6.5,,,1901,2,1900,6.0,winter,True,Strong,1900,,
3,1901-08-09 09:23,Japan,40.5,142.5,7.2,,,1901,8,1900,18.0,summer,False,Major,1900,,
4,1902-01-30 14:01,Japan,40.5,141.3,6.9,,1.0,1902,1,1900,23.0,winter,True,Strong,1900,,
5,1902-03-09 07:46,Turkey,40.7,33.6,5.5,,4.0,1902,3,1900,9.0,spring,False,Moderate,1900,,
6,1902-07-03 15:36,China,43.2,129.6,6.7,,,1902,7,1900,23.0,summer,True,Strong,1900,,
7,1902-08-22 03:00,China,40.0,77.0,7.7,,5650.0,1902,8,1900,8.0,summer,False,Major,1900,,
8,1903-04-28,Turkey,39.14,42.65,7.0,,3500.0,1903,4,1900,,spring,True,Major,1900,,
9,1903-05-28 03:58,Turkey,40.9,42.7,5.8,,1000.0,1903,5,1900,5.0,spring,True,Moderate,1900,,
10,1904-08-30 11:42,China,30.0,101.0,6.8,,565.0,1904,8,1900,17.0,summer,False,Strong,1900,,
11,1905-06-02 05:39,Japan,34.1,132.5,7.0,,11.0,1905,6,1900,13.0,summer,False,Major,1905,,
12,1906-12-22 18:21,China,43.5,85.0,7.2,,285.0,1906,12,1900,23.0,winter,True,Major,1905,,
13,1909-01-19 04:56,Turkey,38.6,26.9,5.8,,8.0,1909,1,1900,5.0,winter,True,Moderate,1905,,
14,1909-02-09 11:24,Turkey,40.0,38.0,6.8,,,1909,2,1900,13.0,winter,False,Strong,1905,,
15,1909-05-11 15:54,China,24.4,103.0,6.5,,19.0,1909,5,1900,21.0,spring,True,Strong,1905,,
16,1909-08-14 06:31,Japan,35.4,136.3,6.7,,41.0,1909,8,1900,15.0,summer,False,Strong,1905,,
17,1909-10-20 23:41,Pakistan,30.0,68.0,7.0,,231.0,1909,10,1900,3.0,authumn,True,Major,1905,,
18,1909-11-10 06:13,Japan,32.3,131.1,7.5,,2.0,1909,11,1900,14.0,authumn,False,Major,1905,,
19,1910-01-08 14:49,China,35.0,122.0,6.8,,1.0,1910,1,1910,22.0,winter,True,Strong,1910,,
20,1910-04-12 00:22,Japan,25.0,123.0,7.6,,20.0,1910,4,1910,8.0,spring,False,Major,1910,,
21,1911-06-15 14:26,Japan,28.0,130.0,8.1,,12.0,1911,6,1910,22.0,summer,True,Great,1910,,
22,1912-08-09 01:29,Turkey,40.5,27.0,7.6,,2836.0,1912,8,1910,2.0,summer,True,Major,1910,,
23,1913-08-06 22:14,Peru,-17.0,-74.0,7.8,,,1913,8,1910,17.0,winter,False,Major,1910,,
24,1913-11-04 21:33,Peru,-14.2,-72.9,6.3,,150.0,1913,11,1910,16.0,spring,False,Strong,1910,,
25,1913-12-21 15:37,China,24.5,102.0,7.2,,1314.0,1913,12,1910,21.0,winter,True,Major,1910,,
26,1914-01-12 09:28,Japan,31.6,130.6,6.7,,35.0,1914,1,1910,17.0,winter,False,Strong,1910,,
27,1914-03-14 20:00,Japan,39.5,140.4,7.0,,94.0,1914,3,1910,5.0,spring,True,Major,1910,,
28,1914-08-04 22:41,China,43.5,91.5,7.2,,,1914,8,1910,4.0,summer,True,Major,1910,,
29,1914-10-03 22:06,Turkey,37.5,32.5,7.1,,4000.0,1914,10,1910,0.0,authumn,True,Major,1910,,
30,1915-03-17 18:45,Japan,42.1,143.6,7.2,,2.0,1915,3,1910,3.0,spring,True,Major,1915,,
31,1915-12-03 02:39,China,29.5,91.5,7.0,,170.0,1915,12,1910,8.0,winter,False,Major,1915,,
32,1917-01-24 00:48,China,31.0,114.0,6.5,,,1917,1,1910,7.0,winter,False,Strong,1915,,
33,1917-07-30 23:54,China,29.0,104.0,7.3,,1879.0,1917,7,1910,5.0,summer,True,Major,1915,,
34,1918-02-13 06:07,China,23.54,117.243,7.2,,10000.0,1918,2,1910,13.0,winter,False,Major,1915,,
35,1920-12-16 12:05,China,36.601,105.31700000000001,8.6,,235502.0,1920,12,1920,19.0,winter,False,Great,1920,,
36,1922-04-26 01:11,Japan,35.2,139.8,6.8,,2.0,1922,4,1920,10.0,spring,False,Strong,1920,,
37,1922-12-07 16:50,Japan,32.7,130.1,6.9,,26.0,1922,12,1920,0.0,winter,True,Strong,1920,,
38,1922-12-08 02:02,Japan,32.7,130.1,6.5,,,1922,12,1920,10.0,winter,False,Strong,1920,,
39,1923-03-24 12:40,China,30.553,101.258,7.2,,5000.0,1923,3,1920,18.0,spring,False,Major,1920,,
40,1923-09-01 02:58,Japan,35.405,139.084,7.9,,143000.0,1923,9,1920,11.0,authumn,False,Major,1920,,
41,1924-01-14 20:50,Japan,35.5,139.2,7.3,,19.0,1924,1,1920,5.0,winter,True,Major,1920,,
42,1924-07-03 04:40,China,36.632,83.90299999999999,7.1,,255.0,1924,7,1920,9.0,summer,False,Major,1920,,
43,1924-09-13 14:34,Turkey,39.864000000000004,41.876000000000005,6.8,,30.0,1924,9,1920,16.0,authumn,False,Strong,1920,,
44,1925-03-16 14:42,China,25.688000000000002,100.494,7.0,,5808.0,1925,3,1920,20.0,spring,False,Major,1925,,
45,1925-05-23 02:09,Japan,35.6,134.8,6.8,,428.0,1925,5,1920,10.0,spring,False,Strong,1925,,
46,1926-03-18 14:06,Turkey,35.787,29.246,6.9,,,1926,3,1920,15.0,spring,False,Strong,1925,,
47,1926-10-22 19:59,Turkey,40.7,43.7,5.7,,370.0,1926,10,1920,21.0,authumn,True,Moderate,1925,,
48,1927-03-07 09:27,Japan,35.802,134.924,7.6,,2925.0,1927,3,1920,17.0,spring,False,Major,1925,,
49,1927-03-20 00:00,China,24.1,102.0,5.0,,7.0,1927,3,1920,6.0,spring,True,Moderate,1925,,
50,1927-05-22 22:32,China,37.385999999999996,102.311,7.9,,200000.0,1927,5,1920,4.0,spring,True,Major,1925,,
51,1928-03-31 00:29,Turkey,38.1,27.1,6.5,,170.0,1928,3,1920,1.0,spring,True,Strong,1925,,
52,1928-04-09 17:34,Peru,-13.731,-70.628,6.8,,10.0,1928,4,1920,12.0,authumn,False,Strong,1925,,
53,1928-05-14 22:14,Peru,-5.261,-78.559,7.2,,29.0,1928,5,1920,16.0,authumn,False,Major,1925,,
54,1929-05-18 06:37,Turkey,40.2,37.9,6.5,,64.0,1929,5,1920,8.0,spring,False,Strong,1925,,
55,1930-05-14 19:48,China,26.8,103.0,6.0,,42.0,1930,5,1930,1.0,spring,True,Strong,1930,,
56,1930-11-25 19:02,Japan,34.977,139.10299999999998,6.9,,272.0,1930,11,1930,4.0,authumn,True,Strong,1930,,
57,1930-12-25 19:03,Japan,35.1,133.0,7.0,,272.0,1930,12,1930,3.0,winter,True,Major,1930,,
58,1931-08-10 21:18,China,46.571000000000005,89.965,7.9,,10000.0,1931,8,1930,2.0,summer,True,Major,1930,,
59,1931-08-27 15:27,Pakistan,29.473000000000003,67.172,7.1,,200.0,1931,8,1930,19.0,summer,False,Major,1930,,
60,1931-09-21 02:20,Japan,36.021,139.381,6.8,,16.0,1931,9,1930,11.0,authumn,False,Strong,1930,,
61,1931-11-02 10:03,Japan,32.003,131.945,7.5,,1.0,1931,11,1930,18.0,authumn,False,Major,1930,,
62,1932-04-06 09:11,China,31.4,115.0,6.0,,6.0,1932,4,1930,16.0,spring,False,Strong,1930,,
63,1932-12-25 02:04,China,39.771,96.69,7.6,,275.0,1932,12,1930,8.0,winter,False,Major,1930,,
64,1933-03-02 17:31,Japan,39.224000000000004,144.622,8.4,,3064.0,1933,3,1930,2.0,spring,True,Great,1930,,
65,1933-08-25 07:50,China,31.81,103.541,7.3,,6865.0,1933,8,1930,13.0,summer,False,Major,1930,,
66,1934-01-12 13:31,China,23.7,102.7,6.0,,1.0,1934,1,1930,19.0,winter,False,Strong,1930,,
67,1935-01-04 14:41,Turkey,40.5,27.5,6.2,,5.0,1935,1,1930,15.0,winter,False,Strong,1935,,
68,1935-04-28 00:00,China,29.4,102.3,6.0,,2.0,1935,4,1930,6.0,spring,True,Strong,1935,,
69,1935-05-01,Turkey,40.38,43.41,6.2,,200.0,1935,5,1930,,spring,True,Strong,1935,,
70,1935-05-30 21:32,Pakistan,28.894000000000002,66.176,8.1,,60000.0,1935,5,1930,1.0,spring,True,Great,1935,,
71,1935-07-11 18:35,Japan,35.0,138.0,6.3,,9.0,1935,7,1930,3.0,summer,True,Strong,1935,,
72,1936-02-07 08:56,China,35.633,103.265,6.8,,42.0,1936,2,1930,14.0,winter,False,Strong,1935,,
73,1936-04-26 23:59,China,28.733,103.49700000000001,6.8,,,1936,4,1930,5.0,spring,True,Strong,1935,,
74,1936-05-16 07:05,China,28.675,103.684,6.8,,550.0,1936,5,1930,13.0,spring,False,Strong,1935,,
75,1936-08-01 06:24,China,34.2,105.7,6.0,,144.0,1936,8,1930,13.0,summer,False,Strong,1935,,
76,1936-08-17 00:00,China,26.6,103.0,5.5,,30.0,1936,8,1930,6.0,summer,True,Moderate,1935,,
77,1937-07-31 20:35,China,35.251999999999995,115.15299999999999,6.9,,3833.0,1937,7,1930,3.0,summer,True,Strong,1935,,
78,1938-04-19 10:59,Turkey,39.439,34.015,6.8,,155.0,1938,4,1930,12.0,spring,False,Strong,1935,,
79,1938-11-05 08:43,Japan,37.009,142.045,7.9,,1.0,1938,11,1930,17.0,authumn,False,Major,1935,,
80,1939-05-01 05:58,Japan,39.839,139.969,7.0,,27.0,1939,5,1930,14.0,spring,False,Major,1935,,
81,1939-09-19 00:00,China,24.4,102.5,5.5,,1.0,1939,9,1930,6.0,authumn,True,Moderate,1935,,
82,1939-12-26 23:57,Turkey,39.77,39.533,7.8,,32968.0,1939,12,1930,1.0,winter,True,Major,1935,,
83,1940-04-06 13:43,China,23.9,102.3,6.0,,181.0,1940,4,1940,19.0,spring,False,Strong,1940,,
84,1940-05-24 16:33,Peru,-11.119000000000002,-77.62899999999999,7.5,,250.0,1940,5,1940,10.0,authumn,False,Major,1940,,
85,1940-06-19 00:00,China,24.4,102.5,5.5,,2.0,1940,6,1940,6.0,summer,True,Moderate,1940,,
86,1940-08-01 15:08,Japan,44.508,139.829,7.5,,10.0,1940,8,1940,0.0,summer,True,Major,1940,,
87,1941-05-05 15:18,China,47.0,127.2,6.0,,132.0,1941,5,1940,23.0,spring,True,Strong,1940,,
88,1941-05-16 07:14,China,23.514,99.40799999999999,6.9,,16.0,1941,5,1940,13.0,spring,False,Strong,1940,,
89,1941-09-10 21:53,Turkey,39.5,43.3,6.0,,500.0,1941,9,1940,23.0,authumn,True,Strong,1940,,
90,1941-10-08 15:24,China,31.7,102.3,6.0,,139.0,1941,10,1940,21.0,authumn,True,Strong,1940,,
91,1941-11-12 10:04,Turkey,39.7,39.4,5.9,,15.0,1941,11,1940,12.0,authumn,False,Moderate,1940,,
92,1941-11-18 16:46,Japan,32.0,132.0,7.7,,2.0,1941,11,1940,0.0,authumn,True,Major,1940,,
93,1942-02-01 17:30,China,23.1,100.3,6.8,,90.0,1942,2,1940,23.0,winter,True,Strong,1940,,
94,1942-08-24 22:50,Peru,-14.975,-74.92,7.7,,30.0,1942,8,1940,17.0,winter,False,Major,1940,,
95,1942-12-20 14:03,Turkey,40.671,36.45,7.2,,3000.0,1942,12,1940,16.0,winter,False,Major,1940,,
96,1943-01-20 15:32,Turkey,40.8,30.5,6.6,,285.0,1943,1,1940,17.0,winter,False,Strong,1940,,
97,1943-06-20 15:33,Turkey,40.6,30.5,6.2,,336.0,1943,6,1940,17.0,summer,False,Strong,1940,,
98,1943-09-10 08:36,Japan,35.25,134.0,7.0,,1083.0,1943,9,1940,16.0,authumn,False,Major,1940,,
99,1943-11-26 22:20,Turkey,41.0,34.0,7.5,,4020.0,1943,11,1940,0.0,authumn,True,Major,1940,,
100,1944-02-01 03:22,Turkey,41.5,32.5,7.2,,3959.0,1944,2,1940,5.0,winter,True,Major,1940,,
101,1944-03-09 22:12,China,44.0,84.0,7.1,,4.0,1944,3,1940,3.0,spring,True,Major,1940,,
102,1944-10-06 21:34,Turkey,39.4,26.7,6.8,,30.0,1944,10,1940,22.0,authumn,True,Strong,1940,,
103,1944-12-07 04:35,Japan,33.75,136.0,8.1,,1251.0,1944,12,1940,13.0,winter,False,Great,1940,,
104,1945-01-12 18:38,Japan,34.75,136.75,6.8,,2306.0,1945,1,1940,3.0,winter,True,Strong,1945,,
105,1945-02-10 04:57,Japan,41.25,142.5,7.1,,2.0,1945,2,1940,13.0,winter,False,Major,1945,,
106,1945-03-20 07:59,Turkey,37.4,35.8,6.0,,300.0,1945,3,1940,9.0,spring,False,Strong,1945,,
107,1945-09-23 15:34,China,39.5,119.0,6.3,,600.0,1945,9,1940,22.0,authumn,True,Strong,1945,,
108,1945-11-27 21:56,Pakistan,24.5,63.0,8.0,,4000.0,1945,11,1940,1.0,authumn,True,Great,1945,,
109,1946-02-21 15:43,Turkey,38.2,31.8,5.6,,12.0,1946,2,1940,17.0,winter,False,Moderate,1945,,
110,1946-05-31 03:12,Turkey,39.3,41.2,5.9,,1300.0,1946,5,1940,5.0,spring,True,Moderate,1945,,
111,1946-11-10 17:42,Peru,-8.5,-77.5,6.8,,1400.0,1946,11,1940,11.0,spring,False,Strong,1945,,
112,1946-12-20 19:19,Japan,32.5,134.5,8.1,,2000.0,1946,12,1940,3.0,winter,True,Great,1945,,
113,1947-03-26 20:48,China,25.0,102.0,5.5,,4.0,1947,3,1940,2.0,spring,True,Moderate,1945,,
114,1947-09-26 16:01,Japan,24.75,123.0,7.4,,5.0,1947,9,1940,0.0,authumn,True,Major,1945,,
115,1947-11-01 14:58,Peru,-10.5,-75.0,7.7,,233.0,1947,11,1940,9.0,spring,False,Major,1945,,
116,1948-05-11 08:55,Peru,-17.5,-70.25,7.4,,4.0,1948,5,1940,3.0,authumn,True,Major,1945,,
117,1948-05-25 07:11,China,29.5,100.5,7.2,,737.0,1948,5,1940,13.0,spring,False,Major,1945,,
118,1948-05-28 05:36,Peru,-13.0,-76.5,7.0,,4.0,1948,5,1940,23.0,authumn,True,Major,1945,,
119,1948-06-15 11:44,Japan,33.75,135.25,6.9,,2.0,1948,6,1940,20.0,summer,False,Strong,1945,,
120,1948-06-27 00:08,China,26.4,99.7,6.8,,280.0,1948,6,1940,6.0,summer,True,Strong,1945,,
121,1948-06-28 07:13,Japan,36.5,136.0,7.0,,5131.0,1948,6,1940,16.0,summer,False,Major,1945,,
122,1948-10-08 19:01,China,27.4,104.0,5.8,,9.0,1948,10,1940,1.0,authumn,True,Moderate,1945,,
123,1949-02-23 16:08,China,41.0,83.5,7.3,,12.0,1949,2,1940,21.0,winter,True,Major,1945,,
124,1949-07-23 15:03,Turkey,38.6,26.3,6.8,,7.0,1949,7,1940,16.0,summer,False,Strong,1945,,
125,1949-08-17 18:44,Turkey,39.5,40.6,6.8,,437.0,1949,8,1940,20.0,summer,False,Strong,1945,,
126,1950-05-21 18:37,Peru,-13.5,-72.0,6.0,,120.0,1950,5,1950,13.0,authumn,False,Strong,1950,6.0,
127,1950-08-15 14:09,China,28.5,96.5,8.6,,3300.0,1950,8,1950,20.0,summer,False,Great,1950,59.1,
128,1951-08-13 18:33,Turkey,40.8,33.4,6.7,,50.0,1951,8,1950,20.0,summer,False,Strong,1950,27.8,
129,1952-01-03 06:03,Turkey,39.9,41.7,6.0,,103.0,1952,1,1950,8.0,winter,False,Strong,1950,27.8,
130,1952-03-04 01:22,Japan,42.5,143.0,8.1,,33.0,1952,3,1950,10.0,spring,False,Great,1950,227.1,
131,1952-07-17 16:09,Japan,34.4,135.8,6.8,,9.0,1952,7,1950,1.0,summer,True,Strong,1950,227.1,
132,1952-08-17 16:02,China,30.796999999999997,91.648,7.7,,54.0,1952,8,1950,22.0,summer,True,Major,1950,59.1,
133,1952-10-22 00:00,Turkey,36.5,35.5,5.0,,10.0,1952,10,1950,2.0,authumn,True,Moderate,1950,27.8,
134,1953-03-18 19:06,Turkey,40.12,27.621,7.2,,1200.0,1953,3,1950,20.0,spring,False,Major,1950,27.8,
135,1953-12-12 17:31,Peru,-3.597,-80.847,7.5,,7.0,1953,12,1950,11.0,summer,False,Major,1950,6.0,
136,1954-02-11 00:30,China,38.876,101.212,7.1,,47.0,1954,2,1950,6.0,winter,True,Major,1950,59.1,
137,1955-04-14 01:29,China,29.980999999999998,101.613,7.5,,94.0,1955,4,1950,7.0,spring,False,Major,1955,65.1,
138,1955-04-15 03:40,China,39.816,74.64,7.1,,5.0,1955,4,1950,7.0,spring,False,Major,1955,65.1,
139,1955-07-16 07:07,Turkey,37.6,27.2,6.8,,23.0,1955,7,1950,8.0,summer,False,Strong,1955,31.5,
140,1955-09-23 15:06,China,26.6,101.7,6.9,,593.0,1955,9,1950,21.0,authumn,True,Strong,1955,65.1,
141,1956-02-20 20:31,Turkey,40.0,30.5,5.8,,4.0,1956,2,1950,22.0,winter,True,Moderate,1955,31.5,
142,1956-09-29 23:20,Japan,35.641999999999996,140.31,6.9,,1.0,1956,9,1950,8.0,authumn,False,Strong,1955,244.2,
143,1957-04-25 02:25,Turkey,36.387,28.609,7.0,,67.0,1957,4,1950,3.0,spring,True,Major,1955,31.5,
144,1957-05-26 06:33,Turkey,40.672,31.041999999999998,7.2,,500.0,1957,5,1950,8.0,spring,False,Major,1955,31.5,
145,1958-01-15 19:14,Peru,-16.779,-72.503,7.0,,28.0,1958,1,1950,14.0,summer,False,Major,1955,6.9,
146,1958-02-07 23:23,China,31.576999999999998,103.912,6.8,,,1958,2,1950,5.0,winter,True,Strong,1955,65.1,
147,1958-03-11 00:26,Japan,24.433000000000003,124.351,7.2,,2.0,1958,3,1950,8.0,spring,False,Major,1955,244.2,
148,1959-04-26 20:40,Japan,24.686999999999998,122.792,7.5,,1.0,1959,4,1950,4.0,spring,True,Major,1955,244.2,
149,1960-01-13 15:40,Peru,-15.814,-72.788,7.5,,63.0,1960,1,1960,10.0,summer,False,Major,1960,7.9,
150,1960-01-15 09:30,Peru,-14.960999999999999,-75.16199999999999,6.9,,63.0,1960,1,1960,3.0,summer,True,Strong,1960,7.9,
151,1960-11-20 22:02,Peru,-6.727,-80.60600000000001,7.8,,11.0,1960,11,1960,16.0,spring,False,Major,1960,7.9,
152,1961-02-26 18:10,Japan,31.631999999999998,131.548,7.7,,2.0,1961,2,1960,2.0,winter,True,Major,1960,257.0,
153,1961-08-19 05:33,Japan,36.07,136.7,6.9,,8.0,1961,8,1960,14.0,summer,False,Strong,1960,257.0,
154,1963-09-24 16:30,Peru,-10.694,-78.212,6.9,,1.0,1963,9,1960,10.0,spring,False,Strong,1960,7.9,
155,1964-06-14 12:15,Turkey,38.08,38.475,5.5,,8.0,1964,6,1960,14.0,summer,False,Moderate,1960,35.7,
156,1964-06-16 04:01,Japan,38.434,139.226,7.5,,26.0,1964,6,1960,13.0,summer,False,Major,1960,257.0,
157,1964-10-06 14:31,Turkey,40.25,28.208000000000002,6.0,,23.0,1964,10,1960,15.0,authumn,False,Strong,1960,35.7,
158,1965-04-19 23:42,Japan,34.842,138.278,5.6,,2.0,1965,4,1960,8.0,spring,False,Moderate,1965,270.0,
159,1965-11-13 04:33,China,43.84,87.755,7.0,,7.0,1965,11,1960,9.0,authumn,False,Major,1965,77.0,
160,1966-02-05 15:12,China,26.16,103.171,5.6,,371.0,1966,2,1960,21.0,winter,True,Moderate,1965,77.0,
161,1966-03-07 21:29,China,37.388000000000005,114.963,6.6,,0.0,1966,3,1960,4.0,spring,True,Strong,1965,77.0,
162,1966-03-12 16:31,Japan,24.307,122.695,7.4,,7.0,1966,3,1960,0.0,spring,True,Major,1965,270.0,
163,1966-03-22 08:11,China,37.551,114.991,5.6,,8064.0,1966,3,1960,15.0,spring,False,Moderate,1965,77.0,
164,1966-08-01 21:02,Pakistan,30.051,68.62899999999999,7.0,,2.0,1966,8,1960,1.0,summer,True,Major,1965,66.0,
165,1966-08-19 12:22,Turkey,39.161,41.58,5.8,,2517.0,1966,8,1960,14.0,summer,False,Moderate,1965,40.2,
166,1966-09-28 14:00,China,27.456999999999997,100.089,5.8,,32.0,1966,9,1960,20.0,authumn,False,Moderate,1965,77.0,
167,1966-10-17 21:41,Peru,-10.807,-78.684,8.2,,120.0,1966,10,1960,15.0,spring,False,Great,1965,9.1,
168,1967-03-27 08:58,China,38.516,116.601,5.5,,9.0,1967,3,1960,15.0,spring,False,Moderate,1965,77.0,
169,1967-07-22 16:56,Turkey,40.632,30.74,7.4,,183.0,1967,7,1960,18.0,summer,False,Major,1965,40.2,
170,1967-07-26 18:52,Turkey,39.501999999999995,40.408,5.6,,110.0,1967,7,1960,20.0,summer,False,Moderate,1965,40.2,
171,1967-08-30 04:22,China,31.631,100.23200000000001,7.0,,39.0,1967,8,1960,10.0,summer,False,Major,1965,77.0,
172,1968-04-01 00:42,Japan,32.482,132.192,7.5,,1.0,1968,4,1960,8.0,spring,False,Major,1965,270.0,
173,1968-05-16 00:49,Japan,40.903,143.346,8.3,,52.0,1968,5,1960,9.0,spring,False,Great,1965,270.0,
174,1968-06-19 08:13,Peru,-5.558,-77.15100000000001,6.9,,46.0,1968,6,1960,2.0,winter,True,Strong,1965,9.1,
175,1968-09-03 08:19,Turkey,41.771,32.452,5.7,25.0,29.0,1968,9,1960,10.0,authumn,False,Moderate,1965,40.2,
176,1969-02-11 22:08,China,41.426,79.23899999999999,7.1,,2.0,1969,2,1960,3.0,winter,True,Major,1965,77.0,
177,1969-03-28 01:48,Turkey,38.535,28.467,6.4,53.0,53.0,1969,3,1960,2.0,spring,True,Strong,1965,40.2,
178,1969-07-18 05:24,China,38.421,119.45299999999999,7.2,,10.0,1969,7,1960,12.0,summer,False,Major,1965,77.0,
179,1969-07-25 22:49,China,21.612,111.809,5.9,3000.0,3000.0,1969,7,1960,5.0,summer,True,Moderate,1965,77.0,
180,1969-09-09 05:15,Japan,35.786,137.093,6.0,0.0,1.0,1969,9,1960,14.0,authumn,False,Strong,1965,270.0,
181,1969-10-01 05:05,Peru,-11.835,-75.195,6.2,136.0,150.0,1969,10,1960,23.0,spring,True,Strong,1965,9.1,
182,1970-01-04 17:00,China,24.147,102.462,7.2,,15621.0,1970,1,1970,23.0,winter,True,Major,1970,87.9,110.8822727
183,1970-01-20 17:33,Japan,42.523,143.024,6.4,1.0,1.0,1970,1,1970,2.0,winter,True,Strong,1970,287.8,2039.5257199999999
184,1970-03-28 21:02,Turkey,39.172,29.55,7.4,1086.0,1086.0,1970,3,1970,22.0,spring,True,Major,1970,45.3,702.9816913
185,1970-05-31 20:23,Peru,-9.248,-78.84,7.9,0.0,70000.0,1970,5,1970,14.0,authumn,False,Major,1970,10.4,436.9266731000001
186,1970-12-10 04:34,Peru,-4.079,-80.66199999999999,7.1,81.0,81.0,1970,12,1970,22.0,summer,True,Major,1970,10.4,436.9266731000001
187,1971-04-03 04:49,China,32.178000000000004,95.02799999999999,5.6,,1.0,1971,4,1970,10.0,spring,False,Moderate,1970,87.9,117.1791517
188,1971-04-28 15:32,China,22.953000000000003,100.993,6.3,,2.0,1971,4,1970,21.0,spring,True,Strong,1970,87.9,117.1791517
189,1971-05-12 06:25,Turkey,37.555,29.746,5.9,100.0,100.0,1971,5,1970,7.0,spring,False,Moderate,1970,45.3,647.5258737
190,1971-05-22 16:44,Turkey,38.868,40.542,6.7,1000.0,1000.0,1971,5,1970,18.0,spring,False,Strong,1970,45.3,647.5258737
191,1971-07-26 01:48,China,39.848,77.24600000000001,5.8,,1.0,1971,7,1970,6.0,summer,True,Moderate,1970,87.9,117.1791517
192,1971-08-16 04:58,China,28.879,103.67200000000001,5.5,,10.0,1971,8,1970,10.0,summer,False,Moderate,1970,87.9,117.1791517
193,1971-10-15 10:33,Peru,-14.183,-73.399,5.7,5.0,14.0,1971,10,1970,5.0,spring,True,Moderate,1970,10.4,474.49298110000007
194,1972-03-20 07:33,Peru,-6.81,-76.78,6.9,7.0,7.0,1972,3,1970,1.0,authumn,True,Strong,1970,10.4,512.2191159
195,1972-09-03 16:48,Pakistan,35.949,73.321,6.2,100.0,100.0,1972,9,1970,20.0,authumn,False,Strong,1970,75.4,134.52410690000002
196,1973-02-06 10:37,China,31.353,100.545,7.7,,2199.0,1973,2,1970,16.0,winter,False,Major,1970,87.9,154.3347
197,1973-08-16 03:58,China,23.003,101.07799999999999,6.4,,1.0,1973,8,1970,9.0,summer,False,Strong,1970,87.9,154.3347
198,1974-01-05 08:33,Peru,-12.350999999999999,-76.307,6.6,10.0,10.0,1974,1,1970,2.0,summer,True,Strong,1970,10.4,732.7114664
199,1974-02-01 00:01,Turkey,38.54,27.263,5.4,2.0,2.0,1974,2,1970,1.0,winter,True,Moderate,1970,45.3,1311.392995
200,1974-04-22 00:29,China,31.533,119.28,5.5,,8.0,1974,4,1970,7.0,spring,False,Moderate,1970,87.9,157.2333571
201,1974-05-08 23:33,Japan,34.57,138.77100000000002,6.7,27.0,30.0,1974,5,1970,8.0,spring,False,Strong,1970,287.8,4357.783968
202,1974-05-10 19:25,China,28.195,104.007,6.8,,1541.0,1974,5,1970,1.0,spring,True,Strong,1970,87.9,157.2333571
203,1974-08-03 18:16,Japan,36.016,139.901,5.6,2.0,2.0,1974,8,1970,3.0,summer,True,Moderate,1970,287.8,4357.783968
204,1974-10-02 02:54,Peru,-5.882000000000001,-81.01899999999999,5.7,,78.0,1974,10,1970,20.0,spring,False,Moderate,1970,10.4,732.7114664
205,1974-10-03 14:21,Peru,-12.254000000000001,-77.523,8.1,78.0,78.0,1974,10,1970,8.0,spring,False,Great,1970,10.4,732.7114664
206,1974-12-28 12:11,Pakistan,35.025999999999996,72.898,6.2,5300.0,5300.0,1974,12,1970,16.0,winter,False,Strong,1970,75.4,179.7424415
207,1975-02-04 11:36,China,40.667,122.646,7.0,,10000.0,1975,2,1970,19.0,winter,False,Major,1975,98.1,175.18124980000002
208,1975-09-06 09:20,Turkey,38.515,40.768,6.7,2311.0,2385.0,1975,9,1970,11.0,authumn,False,Strong,1975,51.0,1600.963779
209,1975-12-30 14:36,Turkey,38.595,40.525999999999996,4.6,3.0,3.0,1975,12,1970,16.0,winter,False,Light,1975,51.0,1600.963779
210,1976-03-25 11:55,Turkey,40.939,42.95399999999999,4.8,1.0,2.0,1976,3,1970,13.0,spring,False,Light,1975,51.0,1789.570839
211,1976-04-02 16:58,Turkey,39.801,43.68899999999999,4.6,4.0,4.0,1976,4,1970,18.0,spring,False,Light,1975,51.0,1789.570839
212,1976-04-05 16:54,China,40.23,112.22200000000001,5.5,,28.0,1976,4,1970,23.0,spring,True,Moderate,1975,98.1,165.8856199
213,1976-04-29 22:18,Turkey,40.935,42.875,5.5,4.0,4.0,1976,4,1970,0.0,spring,True,Moderate,1975,51.0,1789.570839
214,1976-05-15 21:55,Peru,-11.66,-74.419,6.7,5.0,5.0,1976,5,1970,16.0,authumn,False,Strong,1975,11.9,809.4282299
215,1976-05-29 12:23,China,24.500999999999998,98.93,6.7,,98.0,1976,5,1970,18.0,spring,False,Strong,1975,98.1,165.8856199
216,1976-05-29 14:00,China,24.581,98.61,6.6,,,1976,5,1970,20.0,spring,False,Strong,1975,98.1,165.8856199
217,1976-07-09 09:34,Turkey,38.327,40.463,4.2,1.0,1.0,1976,7,1970,11.0,summer,False,Light,1975,51.0,1789.570839
218,1976-07-21 15:10,China,24.768,98.667,6.1,,11.0,1976,7,1970,21.0,summer,True,Strong,1975,98.1,165.8856199
219,1976-07-27 19:42,China,39.605,117.88799999999999,7.6,655237.0,655237.0,1976,7,1970,2.0,summer,True,Major,1975,98.1,165.8856199
220,1976-07-28 10:45,China,39.723,118.359,7.0,,,1976,7,1970,17.0,summer,False,Major,1975,98.1,165.8856199
221,1976-08-16 14:06,China,32.753,104.088,6.7,,0.0,1976,8,1970,20.0,summer,False,Strong,1975,98.1,165.8856199
222,1976-08-19 01:12,Turkey,37.743,29.015,5.0,4.0,4.0,1976,8,1970,2.0,summer,True,Moderate,1975,51.0,1789.570839
223,1976-08-23 03:30,China,32.481,104.182,6.4,,41.0,1976,8,1970,9.0,summer,False,Strong,1975,98.1,165.8856199
224,1976-11-06 18:04,China,27.554000000000002,101.021,6.3,,33.0,1976,11,1970,0.0,authumn,True,Strong,1975,98.1,165.8856199
225,1976-11-24 12:22,Turkey,39.082,44.031000000000006,7.0,5000.0,5000.0,1976,11,1970,14.0,authumn,False,Major,1975,51.0,1789.570839
226,1976-12-13 06:36,China,27.336,101.024,5.9,,2.0,1976,12,1970,12.0,winter,False,Moderate,1975,98.1,165.8856199
227,1977-01-01 21:39,China,38.185,91.014,6.0,,2.0,1977,1,1970,3.0,winter,True,Strong,1975,98.1,181.9589099
228,1977-03-25 02:39,Turkey,38.647,40.056999999999995,5.3,30.0,30.0,1977,3,1970,4.0,spring,True,Moderate,1975,51.0,1995.098982
229,1978-01-14 03:24,Japan,34.803000000000004,139.29399999999998,6.6,21.0,25.0,1978,1,1970,12.0,winter,False,Strong,1975,308.4,8841.309806000001
230,1978-06-12 08:06,Japan,38.235,142.105,5.7,,28.0,1978,6,1970,17.0,summer,False,Moderate,1975,308.4,8841.309806000001
231,1978-06-12 08:14,Japan,38.224000000000004,142.009,7.6,22.0,22.0,1978,6,1970,17.0,summer,False,Major,1975,308.4,8841.309806000001
232,1979-02-16 10:08,Peru,-16.537,-72.553,7.1,18.0,18.0,1979,2,1970,5.0,summer,True,Major,1975,11.9,739.369542
233,1979-03-15 12:52,China,23.162,101.10600000000001,6.0,,12.0,1979,3,1970,18.0,spring,False,Strong,1975,98.1,272.0139582
234,1979-07-09 10:57,China,31.471999999999998,119.27,5.4,41.0,42.0,1979,7,1970,17.0,summer,False,Moderate,1975,98.1,272.0139582
235,1980-09-23 19:10,Japan,35.997,139.74,5.3,1.0,2.0,1980,9,1980,4.0,authumn,True,Moderate,1980,323.2,9487.298719
236,1980-09-24 17:54,Japan,35.525,140.062,6.0,2.0,2.0,1980,9,1980,2.0,authumn,True,Strong,1980,323.2,9487.298719
237,1980-11-12 06:58,Peru,-13.347000000000001,-74.545,4.9,7.0,7.0,1980,11,1980,1.0,spring,True,Light,1980,13.6,959.0011562000001
238,1981-01-23 21:13,China,30.956,101.16799999999999,6.5,150.0,150.0,1981,1,1980,3.0,winter,True,Strong,1980,105.9,293.3076616
239,1981-04-18 00:32,Peru,-13.116,-74.373,5.5,8.0,8.0,1981,4,1980,19.0,authumn,False,Moderate,1980,13.6,1142.868257
240,1981-06-22 17:53,Peru,-13.185,-74.46300000000001,5.8,6.0,6.0,1981,6,1980,12.0,winter,False,Moderate,1980,13.6,1142.868257
241,1981-09-12 07:15,Pakistan,35.685,73.597,6.1,220.0,250.0,1981,9,1980,11.0,authumn,False,Strong,1980,101.3,456.3053717
242,1981-12-12 20:26,Pakistan,29.912,67.08,4.6,6.0,6.0,1981,12,1980,0.0,winter,True,Light,1980,101.3,456.3053717
243,1982-03-23 05:10,Peru,-12.341,-77.538,5.1,2.0,2.0,1982,3,1980,23.0,authumn,True,Moderate,1980,13.6,1134.999575
244,1982-03-28 23:24,Peru,-12.743,-76.01,6.3,3.0,3.0,1982,3,1980,17.0,authumn,False,Strong,1980,13.6,1134.999575
245,1982-06-15 23:24,China,31.871,99.87200000000001,5.6,10.0,11.0,1982,6,1980,5.0,summer,True,Moderate,1980,105.9,285.20052749999996
246,1983-02-13 01:40,China,39.994,75.173,6.2,0.0,1.0,1983,2,1980,6.0,winter,True,Strong,1980,105.9,301.7334346
247,1983-03-15 17:27,Japan,34.797,137.58,5.4,1.0,1.0,1983,3,1980,2.0,spring,True,Moderate,1980,323.2,10394.95722
248,1983-04-05 06:50,China,39.972,75.215,5.8,,,1983,4,1980,11.0,spring,False,Moderate,1980,105.9,301.7334346
249,1983-04-12 12:07,Peru,-4.846,-78.09100000000001,7.0,,10.0,1983,4,1980,6.0,authumn,True,Major,1980,13.6,860.2865934
250,1983-05-26 02:59,Japan,40.473,139.091,7.7,104.0,107.0,1983,5,1980,11.0,spring,False,Major,1980,323.2,10394.95722
251,1983-07-05 12:01,Turkey,40.309,27.254,6.1,5.0,5.0,1983,7,1980,13.0,summer,False,Strong,1980,57.1,1761.3623929999999
252,1983-08-08 03:47,Japan,35.507,139.045,5.6,1.0,1.0,1983,8,1980,12.0,summer,False,Moderate,1980,323.2,10394.95722
253,1983-10-30 04:12,Turkey,40.327,42.176,6.6,1342.0,1400.0,1983,10,1980,6.0,authumn,True,Strong,1980,57.1,1761.3623929999999
254,1983-11-06 21:09,China,35.223,115.204,5.5,34.0,45.0,1983,11,1980,4.0,authumn,True,Moderate,1980,105.9,301.7334346
255,1984-03-06 02:17,Japan,29.372,138.871,7.4,0.0,1.0,1984,3,1980,11.0,spring,False,Major,1980,323.2,10976.80075
256,1984-05-21 15:37,China,32.604,121.602,6.0,,13.0,1984,5,1980,23.0,spring,True,Strong,1980,105.9,305.8236223
257,1984-09-13 23:48,Japan,35.801,137.466,6.2,24.0,29.0,1984,9,1980,8.0,authumn,False,Strong,1980,323.2,10976.80075
258,1984-09-18 13:26,Turkey,40.891999999999996,42.24100000000001,5.5,3.0,3.0,1984,9,1980,15.0,authumn,False,Moderate,1980,57.1,1675.2036859999998
259,1984-10-18 09:46,Turkey,40.711,42.446999999999996,5.4,3.0,3.0,1984,10,1980,11.0,authumn,False,Moderate,1980,57.1,1675.2036859999998
260,1985-03-29 11:15,China,29.35,104.95299999999999,4.9,1.0,2.0,1985,3,1980,17.0,spring,False,Light,1985,114.1,296.98895780000004
261,1985-04-18 05:52,China,25.891,102.885,5.7,23.0,23.0,1985,4,1980,11.0,spring,False,Moderate,1985,114.1,296.98895780000004
262,1985-08-23 12:41,China,39.446999999999996,75.264,6.9,71.0,71.0,1985,8,1980,17.0,summer,False,Strong,1985,114.1,296.98895780000004
263,1985-09-11 20:45,China,39.356,75.415,6.1,4.0,4.0,1985,9,1980,1.0,authumn,True,Strong,1985,114.1,296.98895780000004
264,1986-01-11 19:42,Peru,-9.512,-77.437,5.1,1.0,1.0,1986,1,1980,13.0,summer,False,Moderate,1985,15.3,1080.432013
265,1986-04-05 20:14,Peru,-13.402000000000001,-71.757,5.2,16.0,16.0,1986,4,1980,15.0,authumn,False,Moderate,1985,15.3,1080.432013
266,1986-05-05 03:35,Turkey,37.999,37.781,6.0,15.0,15.0,1986,5,1980,5.0,spring,True,Strong,1985,63.8,2028.333836
267,1986-06-06 10:39,Turkey,38.007,37.91,5.8,1.0,1.0,1986,6,1980,12.0,summer,False,Moderate,1985,63.8,2028.333836
268,1986-08-06 19:55,China,29.28,100.75399999999999,5.3,,2.0,1986,8,1980,1.0,summer,True,Moderate,1985,114.1,283.01003230000003
269,1987-03-18 03:36,Japan,32.051,131.785,6.6,1.0,2.0,1987,3,1980,11.0,spring,False,Strong,1985,334.4,20775.45757
270,1987-08-02 09:07,China,25.002,115.566,4.9,0.0,3.0,1987,8,1980,16.0,summer,False,Light,1985,114.1,302.2960434
271,1987-08-13 15:23,Peru,-17.9,-70.90899999999999,6.5,1.0,1.0,1987,8,1980,10.0,winter,False,Strong,1985,15.3,1730.358986
272,1987-10-02 22:27,Peru,-8.166,-77.961,5.6,3.0,3.0,1987,10,1980,16.0,spring,False,Moderate,1985,15.3,1730.358986
273,1987-12-17 02:08,Japan,35.421,140.322,6.5,2.0,2.0,1987,12,1980,11.0,winter,False,Strong,1985,334.4,20775.45757
274,1988-11-06 13:03,China,22.909000000000002,99.681,7.0,730.0,748.0,1988,11,1980,19.0,authumn,False,Major,1985,114.1,369.7158648
275,1988-11-06 13:15,China,23.186,99.411,6.4,,,1988,11,1980,19.0,authumn,False,Strong,1985,114.1,369.7158648
276,1989-02-19 12:27,Japan,36.038000000000004,139.86,5.5,1.0,1.0,1989,2,1980,21.0,winter,True,Moderate,1985,334.4,25053.653919999997
277,1989-04-15 20:34,China,29.955,99.20200000000001,6.4,11.0,11.0,1989,4,1980,2.0,spring,True,Strong,1985,114.1,406.1789358
278,1989-05-07 00:38,China,23.538,99.51899999999999,5.6,1.0,1.0,1989,5,1980,6.0,spring,True,Moderate,1985,114.1,406.1789358
279,1989-07-21 03:09,China,30.000999999999998,99.36200000000001,5.6,,3.0,1989,7,1980,9.0,summer,False,Moderate,1985,114.1,406.1789358
280,1989-09-22 02:25,China,31.555,102.42200000000001,6.1,0.0,1.0,1989,9,1980,8.0,authumn,False,Strong,1985,114.1,406.1789358
281,1989-10-18 14:57,China,39.959,113.94,5.4,29.0,29.0,1989,10,1980,21.0,authumn,True,Moderate,1985,114.1,406.1789358
282,1989-10-18 17:01,China,40.014,113.93299999999999,5.6,,17.0,1989,10,1980,0.0,authumn,True,Moderate,1985,114.1,406.1789358
283,1989-11-20 03:21,China,29.883000000000003,106.82600000000001,5.2,4.0,7.0,1989,11,1980,10.0,authumn,False,Moderate,1985,114.1,406.1789358
284,1990-02-09 17:57,China,31.745,120.98200000000001,5.0,0.0,2.0,1990,2,1990,1.0,winter,True,Moderate,1990,124.9,345.246548
285,1990-03-04 19:46,Pakistan,28.906,66.354,6.0,11.0,11.0,1990,3,1990,23.0,spring,True,Strong,1990,139.7,480.1348151
286,1990-04-26 09:37,China,36.059,100.27799999999999,6.2,,126.0,1990,4,1990,15.0,spring,False,Strong,1990,124.9,345.246548
287,1990-04-26 09:37,China,36.059,100.27799999999999,6.4,126.0,126.0,1990,4,1990,15.0,spring,False,Strong,1990,124.9,345.246548
288,1990-05-30 02:34,Peru,-6.022,-77.197,6.5,135.0,135.0,1990,5,1990,20.0,authumn,False,Strong,1990,17.1,1334.096762
289,1990-06-09 01:14,Peru,-6.1,-77.133,5.5,1.0,1.0,1990,6,1990,19.0,winter,False,Moderate,1990,17.1,1334.096762
290,1990-06-17 04:51,Pakistan,27.39,65.665,6.1,6.0,6.0,1990,6,1990,8.0,summer,False,Strong,1990,139.7,480.1348151
291,1990-10-20 08:07,China,37.096,103.71799999999999,5.7,1.0,2.0,1990,10,1990,14.0,authumn,False,Moderate,1990,124.9,345.246548
292,1991-03-25 18:02,China,39.946999999999996,113.98899999999999,5.4,0.0,1.0,1991,3,1990,1.0,spring,True,Moderate,1990,124.9,354.5112978
293,1991-04-05 04:19,Peru,-5.977,-77.081,6.9,53.0,53.0,1991,4,1990,22.0,authumn,True,Strong,1990,17.1,1541.727451
294,1991-04-24 10:54,Turkey,39.613,41.169,4.5,1.0,1.0,1991,4,1990,12.0,spring,False,Light,1990,70.1,3697.660874
295,1991-07-23 19:44,Peru,-15.707,-71.721,5.2,12.0,92.0,1991,7,1990,14.0,winter,False,Moderate,1990,17.1,1541.727451
296,1992-03-13 17:18,Turkey,39.727,39.650999999999996,6.6,498.0,653.0,1992,3,1990,19.0,spring,False,Strong,1990,70.1,3831.900432
297,1992-05-20 12:20,Pakistan,33.318000000000005,71.27199999999999,6.0,36.0,36.0,1992,5,1990,16.0,spring,False,Strong,1990,139.7,554.1321303999999
298,1992-08-28 00:50,Pakistan,29.211,66.82,5.5,4.0,4.0,1992,8,1990,4.0,summer,True,Moderate,1990,139.7,554.1321303999999
299,1992-12-18 11:21,China,26.328000000000003,100.75200000000001,5.0,1.0,1.0,1992,12,1990,17.0,winter,False,Moderate,1990,124.9,417.07293500000003
300,1993-01-15 11:06,Japan,43.022,144.194,7.6,,2.0,1993,1,1990,20.0,winter,False,Major,1990,341.6,36120.06542
301,1993-01-15 11:06,Japan,43.023999999999994,144.141,7.6,2.0,2.0,1993,1,1990,20.0,winter,False,Major,1990,341.6,36120.06542
302,1993-01-31 19:33,China,25.826,101.415,4.7,2.0,2.0,1993,1,1990,1.0,winter,True,Light,1990,124.9,517.9240415
303,1993-02-02 16:05,China,42.2,86.14399999999999,5.7,,4.0,1993,2,1990,21.0,winter,True,Moderate,1990,124.9,517.9240415
304,1993-03-20 14:51,China,29.009,87.35600000000001,6.2,2.0,2.0,1993,3,1990,19.0,spring,False,Strong,1990,124.9,517.9240415
305,1993-04-18 09:16,Peru,-11.720999999999998,-76.513,6.2,3.0,6.0,1993,4,1990,3.0,authumn,True,Strong,1990,17.1,1494.244193
306,1993-07-12 13:17,Japan,42.891999999999996,139.247,7.7,200.0,243.0,1993,7,1990,22.0,summer,True,Major,1990,341.6,36120.06542
307,1993-10-11 15:54,Japan,32.03,137.92600000000002,6.9,0.0,1.0,1993,10,1990,0.0,authumn,True,Strong,1990,341.6,36120.06542
308,1993-11-30 20:37,China,39.326,75.505,5.6,0.0,2.0,1993,11,1990,1.0,authumn,True,Moderate,1990,124.9,517.9240415
309,1994-12-28 12:19,Japan,40.523,143.43,7.7,3.0,3.0,1994,12,1990,21.0,winter,True,Major,1990,341.6,39540.515510000005
310,1995-01-16 20:46,Japan,34.58,135.025,6.9,5502.0,6432.0,1995,1,1990,5.0,winter,True,Strong,1995,346.7,43773.88206
311,1995-07-21 22:44,China,36.436,103.166,5.6,14.0,14.0,1995,7,1990,4.0,summer,True,Moderate,1995,132.1,600.1337516
312,1995-10-01 15:57,Turkey,38.077,30.143,6.4,101.0,101.0,1995,10,1990,17.0,authumn,False,Strong,1995,76.0,3889.2302659999996
313,1995-10-23 22:46,China,25.947,102.22,6.2,81.0,81.0,1995,10,1990,4.0,authumn,True,Strong,1995,132.1,600.1337516
314,1996-02-03 11:14,China,27.271,100.262,6.6,322.0,322.0,1996,2,1990,17.0,winter,False,Strong,1995,132.1,700.370973
315,1996-02-21 12:51,Peru,-9.722000000000001,-79.868,7.5,0.0,7.0,1996,2,1990,6.0,summer,True,Major,1995,18.8,2261.528289
316,1996-03-19 15:00,China,40.043,76.62100000000001,6.3,24.0,26.0,1996,3,1990,20.0,spring,False,Strong,1995,132.1,700.370973
317,1996-05-03 03:32,China,40.777,109.713,6.0,18.0,26.0,1996,5,1990,10.0,spring,False,Strong,1995,132.1,700.370973
318,1996-08-14 01:55,Turkey,40.696999999999996,35.293,5.7,0.0,1.0,1996,8,1990,3.0,summer,True,Moderate,1995,76.0,4103.060268
319,1996-09-24 19:24,China,27.212,100.33200000000001,5.5,,1.0,1996,9,1990,1.0,authumn,True,Moderate,1995,132.1,700.370973
320,1996-11-12 16:59,Peru,-14.959000000000001,-75.562,7.7,14.0,15.0,1996,11,1990,10.0,spring,False,Major,1995,18.8,2261.528289
321,1997-01-21 01:48,China,39.536,76.87899999999999,5.9,12.0,12.0,1997,1,1990,6.0,winter,True,Moderate,1995,132.1,773.9679468999999
322,1997-01-22 17:57,Turkey,36.199,35.902,5.7,0.0,1.0,1997,1,1990,19.0,winter,False,Moderate,1995,76.0,4226.293065
323,1997-02-27 21:08,Pakistan,29.979,68.165,7.1,60.0,60.0,1997,2,1990,1.0,winter,True,Major,1995,159.3,600.6752836000001
324,1997-03-01 06:04,China,39.45,76.817,5.6,2.0,2.0,1997,3,1990,11.0,spring,False,Moderate,1995,132.1,773.9679468999999
325,1997-03-19 19:57,Pakistan,34.79,71.523,4.9,15.0,15.0,1997,3,1990,23.0,spring,True,Light,1995,159.3,600.6752836000001
326,1997-04-05 23:46,China,39.525,76.83,5.9,0.0,9.0,1997,4,1990,4.0,spring,True,Moderate,1995,132.1,773.9679468999999
327,1997-04-11 05:34,China,39.536,76.892,6.1,9.0,9.0,1997,4,1990,10.0,spring,False,Strong,1995,132.1,773.9679468999999
328,1998-01-10 03:50,China,41.137,114.523,5.7,70.0,70.0,1998,1,1990,10.0,winter,False,Moderate,1995,132.1,822.595342
329,1998-06-27 13:55,Turkey,36.903,35.325,6.3,145.0,145.0,1998,6,1990,15.0,summer,False,Strong,1995,76.0,4389.316283
330,1998-08-27 09:03,China,39.571999999999996,77.298,6.3,3.0,3.0,1998,8,1990,14.0,summer,False,Strong,1995,132.1,822.595342
331,1998-11-19 11:38,China,27.263,100.955,5.6,5.0,6.0,1998,11,1990,17.0,authumn,False,Moderate,1995,132.1,822.595342
332,1999-04-03 06:17,Peru,-16.602,-72.518,6.8,1.0,1.0,1999,4,1990,1.0,authumn,True,Strong,1995,18.8,1964.087759
333,1999-08-17 00:01,Turkey,40.773,30.003,7.6,17118.0,45000.0,1999,8,1990,2.0,summer,True,Major,1995,76.0,4009.29744
334,1999-08-31 08:10,Turkey,40.766999999999996,29.912,5.1,1.0,1.0,1999,8,1990,9.0,summer,False,Moderate,1995,76.0,4009.29744
335,1999-09-13 11:55,Turkey,40.736,30.089000000000002,5.8,6.0,7.0,1999,9,1990,13.0,authumn,False,Moderate,1995,76.0,4009.29744
336,1999-09-29 00:13,Turkey,40.736,29.35,5.2,1.0,1.0,1999,9,1990,1.0,authumn,True,Moderate,1995,76.0,4009.29744
337,1999-11-07 16:54,Turkey,40.695,30.724,4.9,0.0,1.0,1999,11,1990,18.0,authumn,False,Light,1995,76.0,4009.29744
338,1999-11-11 14:41,Turkey,40.74,30.247,5.6,1.0,3.0,1999,11,1990,16.0,authumn,False,Moderate,1995,76.0,4009.29744
339,1999-11-12 16:57,Turkey,40.803000000000004,31.219,7.2,894.0,894.0,1999,11,1990,18.0,authumn,False,Major,1995,76.0,4009.29744
340,1999-11-24 16:40,China,24.586,102.845,5.0,1.0,1.0,1999,11,1990,22.0,authumn,True,Moderate,1995,132.1,868.8729065
341,1999-12-03 17:06,Turkey,40.482,42.354,5.7,1.0,1.0,1999,12,1990,19.0,winter,False,Moderate,1995,76.0,4009.29744
342,2000-01-14 22:09,China,25.549,101.118,5.5,,7.0,2000,1,2000,4.0,winter,True,Moderate,2000,136.7,956.6452439
343,2000-01-14 23:37,China,25.566999999999997,101.071,5.9,7.0,7.0,2000,1,2000,5.0,winter,True,Moderate,2000,136.7,956.6452439
344,2000-01-26 20:55,China,24.148000000000003,103.654,4.9,0.0,1.0,2000,1,2000,2.0,winter,True,Light,2000,136.7,956.6452439
345,2000-05-07 23:10,Turkey,38.164,38.777,4.5,0.0,1.0,2000,5,2000,1.0,spring,True,Light,2000,82.2,4215.037688
346,2000-06-06 02:41,Turkey,40.736999999999995,33.005,6.0,2.0,2.0,2000,6,2000,4.0,summer,True,Strong,2000,82.2,4215.037688
347,2000-07-01 07:01,Japan,34.222,139.171,6.1,0.0,1.0,2000,7,2000,16.0,summer,False,Strong,2000,349.8,38877.87782
348,2000-07-07 00:15,Turkey,40.857,29.344,4.2,0.0,1.0,2000,7,2000,1.0,summer,True,Light,2000,82.2,4215.037688
349,2000-08-21 13:25,China,25.726,102.24,4.9,1.0,1.0,2000,8,2000,19.0,summer,False,Light,2000,136.7,956.6452439
350,2000-12-15 16:44,Turkey,38.451,31.265,6.0,6.0,6.0,2000,12,2000,18.0,winter,False,Strong,2000,82.2,4215.037688
351,2001-02-23 00:09,China,29.459,101.079,5.6,3.0,3.0,2001,2,2000,6.0,winter,True,Moderate,2000,136.7,1052.371705
352,2001-03-24 06:27,Japan,34.108000000000004,132.54,6.8,2.0,2.0,2001,3,2000,14.0,spring,False,Strong,2000,349.8,34162.06834
353,2001-04-12 10:47,China,24.805999999999997,99.051,5.6,2.0,2.0,2001,4,2000,16.0,spring,False,Moderate,2000,136.7,1052.371705
354,2001-05-23 21:10,China,27.619,100.90100000000001,5.4,2.0,2.0,2001,5,2000,3.0,spring,True,Moderate,2000,136.7,1052.371705
355,2001-06-23 20:33,Peru,-16.385,-73.505,8.4,48.0,145.0,2001,6,2000,15.0,winter,False,Great,2000,20.2,1981.959278
356,2001-07-07 09:38,Peru,-17.532,-71.931,7.6,1.0,1.0,2001,7,2000,4.0,winter,True,Major,2000,20.2,1981.959278
357,2001-08-09 02:06,Peru,-14.347999999999999,-72.68,5.8,4.0,4.0,2001,8,2000,21.0,winter,True,Moderate,2000,20.2,1981.959278
358,2001-10-27 05:35,China,26.289,100.586,5.5,1.0,1.0,2001,10,2000,11.0,authumn,False,Moderate,2000,136.7,1052.371705
359,2001-12-04 05:57,Peru,-15.353,-72.435,5.8,2.0,2.0,2001,12,2000,0.0,summer,True,Moderate,2000,20.2,1981.959278
360,2002-01-21 14:34,Turkey,38.633,27.886999999999997,4.8,1.0,1.0,2002,1,2000,15.0,winter,False,Light,2000,82.2,3570.4836840000003
361,2002-02-03 07:11,Turkey,38.527,31.226999999999997,6.5,44.0,44.0,2002,2,2000,9.0,winter,False,Strong,2000,82.2,3570.4836840000003
362,2002-04-22 04:57,Peru,-12.427999999999999,-76.578,4.4,0.0,1.0,2002,4,2000,22.0,authumn,True,Light,2000,20.2,2059.8959640000003
363,2002-11-01 22:09,Pakistan,35.393,74.627,5.3,11.0,17.0,2002,11,2000,2.0,authumn,True,Moderate,2000,179.7,556.9575980000001
364,2002-11-03 07:33,Pakistan,35.348,74.595,5.3,,,2002,11,2000,11.0,authumn,False,Moderate,2000,179.7,556.9575980000001
365,2002-11-20 21:32,Pakistan,35.336999999999996,74.556,6.3,19.0,19.0,2002,11,2000,1.0,authumn,True,Strong,2000,179.7,556.9575980000001
366,2002-12-14 13:27,China,39.754,97.391,5.5,2.0,2.0,2002,12,2000,19.0,winter,False,Moderate,2000,136.7,1150.387909
367,2003-01-27 05:26,Turkey,39.503,39.851,6.0,1.0,1.0,2003,1,2000,7.0,winter,False,Strong,2000,82.2,4586.856407
368,2003-02-24 02:03,China,39.515,77.204,6.3,261.0,268.0,2003,2,2000,7.0,winter,False,Strong,2000,136.7,1293.909583
369,2003-02-25 03:52,China,39.402,77.358,5.3,5.0,5.0,2003,2,2000,8.0,winter,False,Moderate,2000,136.7,1293.909583
370,2003-05-01 00:27,Turkey,38.97,40.458,6.3,177.0,177.0,2003,5,2000,2.0,spring,True,Strong,2000,82.2,4586.856407
371,2003-05-04 15:44,China,39.305,77.142,5.8,0.0,1.0,2003,5,2000,20.0,spring,False,Moderate,2000,136.7,1293.909583
372,2003-07-21 15:16,China,25.958000000000002,101.26,5.9,16.0,16.0,2003,7,2000,21.0,summer,True,Moderate,2000,136.7,1293.909583
373,2003-08-16 10:58,China,43.778999999999996,119.71799999999999,5.4,4.0,4.0,2003,8,2000,17.0,summer,False,Moderate,2000,136.7,1293.909583
374,2003-09-25 19:50,Japan,41.864,143.878,8.3,0.0,2.0,2003,9,2000,4.0,authumn,True,Great,2000,349.8,35136.91885
375,2003-10-16 12:28,China,25.881999999999998,101.256,5.6,3.0,3.0,2003,10,2000,18.0,authumn,False,Moderate,2000,136.7,1293.909583
376,2003-10-25 12:41,China,38.385999999999996,100.978,5.8,9.0,9.0,2003,10,2000,18.0,authumn,False,Moderate,2000,136.7,1293.909583
377,2003-10-25 12:47,China,38.371,100.994,5.8,,,2003,10,2000,18.0,authumn,False,Moderate,2000,136.7,1293.909583
378,2003-11-13 02:35,China,34.713,103.865,5.1,1.0,1.0,2003,11,2000,8.0,authumn,False,Moderate,2000,136.7,1293.909583
379,2003-11-14 18:49,China,27.462,103.97399999999999,5.6,4.0,4.0,2003,11,2000,0.0,authumn,True,Moderate,2000,136.7,1293.909583
380,2004-02-14 10:30,Pakistan,34.751,73.178,5.4,10.0,24.0,2004,2,2000,14.0,winter,False,Moderate,2000,179.7,694.4388763
381,2004-02-14 11:56,Pakistan,34.772,73.169,5.3,,,2004,2,2000,15.0,winter,False,Moderate,2000,179.7,694.4388763
382,2004-03-01 23:55,Turkey,38.058,38.277,3.8,6.0,6.0,2004,3,2000,1.0,spring,True,Minor,2000,82.2,5855.385652
383,2004-03-25 19:30,Turkey,39.804,40.721,5.6,10.0,10.0,2004,3,2000,21.0,spring,True,Moderate,2000,82.2,5855.385652
384,2004-05-08 20:11,Pakistan,30.166999999999998,67.068,4.5,1.0,1.0,2004,5,2000,0.0,spring,True,Light,2000,179.7,694.4388763
385,2004-07-01 22:30,Turkey,39.735,43.908,5.1,18.0,18.0,2004,7,2000,0.0,summer,True,Moderate,2000,82.2,5855.385652
386,2004-07-30 07:14,Turkey,39.69,43.935,4.8,1.0,1.0,2004,7,2000,9.0,summer,False,Light,2000,82.2,5855.385652
387,2004-08-10 10:26,China,27.318,103.917,5.3,4.0,4.0,2004,8,2000,16.0,summer,False,Moderate,2000,136.7,1514.15743
388,2004-08-11 15:48,Turkey,38.347,39.232,5.6,1.0,1.0,2004,8,2000,17.0,summer,False,Moderate,2000,82.2,5855.385652
389,2004-10-23 08:56,Japan,37.23,138.80100000000002,6.6,40.0,68.0,2004,10,2000,17.0,authumn,False,Strong,2000,349.8,37982.57478
390,2005-01-25 16:44,Turkey,37.603,43.691,5.9,2.0,2.0,2005,1,2000,18.0,winter,False,Moderate,2005,88.2,7117.32272
391,2005-03-20 01:53,Japan,33.802,130.209,6.6,1.0,1.0,2005,3,2000,9.0,spring,False,Strong,2005,352.0,37450.43937
392,2005-07-25 15:43,China,46.88399999999999,125.03,5.0,1.0,1.0,2005,7,2000,23.0,summer,True,Moderate,2005,140.8,1768.3816570000001
393,2005-09-26 01:55,Peru,-5.721,-76.414,7.5,5.0,5.0,2005,9,2000,19.0,spring,False,Major,2005,21.6,2755.4978530000003
394,2005-10-08 03:50,Pakistan,34.465,73.584,7.6,87351.0,87351.0,2005,10,2000,7.0,authumn,False,Major,2005,199.7,767.5481271000001
395,2005-10-15 04:24,Pakistan,33.977,73.929,5.2,2.0,2.0,2005,10,2000,8.0,authumn,False,Moderate,2005,199.7,767.5481271000001
396,2005-10-20 21:40,Turkey,38.158,26.753,5.8,0.0,1.0,2005,10,2000,22.0,authumn,True,Moderate,2005,88.2,7117.32272
397,2005-10-27 11:18,China,23.604,107.79799999999999,4.2,1.0,1.0,2005,10,2000,18.0,authumn,False,Light,2005,140.8,1768.3816570000001
398,2005-11-26 00:49,China,29.714000000000002,115.663,5.2,16.0,16.0,2005,11,2000,7.0,authumn,False,Moderate,2005,140.8,1768.3816570000001
399,2006-03-10 07:50,Pakistan,33.129,73.887,4.9,1.0,1.0,2006,3,2000,11.0,spring,False,Light,2005,199.7,870.9166927000001
400,2006-07-22 01:10,China,27.995,104.13799999999999,4.9,0.0,22.0,2006,7,2000,7.0,summer,False,Light,2005,140.8,2113.5842030000003
401,2006-08-25 05:51,China,28.011999999999997,104.15100000000001,5.0,1.0,1.0,2006,8,2000,11.0,summer,False,Moderate,2005,140.8,2113.5842030000003
402,2007-03-25 00:41,Japan,37.34,136.54,6.7,1.0,1.0,2007,3,2000,9.0,spring,False,Strong,2005,352.0,35483.40168
403,2007-06-02 21:34,China,23.02,101.01,6.1,3.0,3.0,2007,6,2000,3.0,summer,True,Strong,2005,140.8,2706.4132050000003
404,2007-07-16 01:13,Japan,37.52,138.46,6.6,9.0,9.0,2007,7,2000,10.0,summer,False,Strong,2005,352.0,35483.40168
405,2007-08-15 23:40,Peru,-13.38,-76.61,8.0,514.0,519.0,2007,8,2000,17.0,winter,False,Great,2005,21.6,3612.3078520000004
406,2007-10-26 06:50,Pakistan,35.304,76.753,5.2,1.0,1.0,2007,10,2000,11.0,authumn,False,Moderate,2005,199.7,952.1575822000001
407,2008-05-12 06:28,China,31.002,103.322,7.9,69195.0,88287.0,2008,5,2000,12.0,spring,False,Major,2005,140.8,3470.503014
408,2008-05-25 08:21,China,32.56,105.42299999999999,6.1,8.0,8.0,2008,5,2000,15.0,spring,False,Strong,2005,140.8,3470.503014
409,2008-06-13 23:43,Japan,39.03,140.881,6.9,13.0,13.0,2008,6,2000,8.0,summer,False,Strong,2005,352.0,39569.52447
410,2008-06-17 05:51,China,32.760999999999996,105.554,4.8,2.0,2.0,2008,6,2000,12.0,summer,False,Light,2005,140.8,3470.503014
411,2008-08-21 12:24,China,25.1,97.9,5.9,,,2008,8,2000,18.0,summer,False,Moderate,2005,140.8,3470.503014
412,2008-08-30 8:30,China,26.0,101.9,5.7,,41.0,2008,8,2000,14.0,summer,False,Moderate,2005,140.8,3470.503014
413,2008-10-06 16:30,China,,,6.4,,,2008,10,2000,,unknown,True,Strong,2005,140.8,3470.503014
414,2008-10-28 23:09,Pakistan,,,6.4,,215.0,2008,10,2000,,unknown,True,Strong,2005,199.7,926.365839
415,2009-07-09 11:19,China,,,5.7,,,2009,7,2000,,unknown,True,Moderate,2005,140.8,3839.896029
416,2009-08-10 20:07,Japan,,,6.4,,1.0,2009,8,2000,,unknown,True,Strong,2005,352.0,41081.72584
417,2010-03-08 02:32,Turkey,,,6.1,,42.0,2010,3,2010,,unknown,True,Strong,2010,94.0,10111.190509999999
418,2010-04-14 23:49,China,,,6.9,,2698.0,2010,4,2010,,unknown,True,Strong,2010,144.8,4523.857332
419,2011-03-10 04:58,China,,,5.4,,,2011,3,2010,,unknown,True,Moderate,2010,144.8,5579.473199
420,2011-03-11 14:46,Japan,38.321999999999996,142.369,9.0,,15894.0,2011,3,2010,23.0,spring,True,Great,2010,352.6,48387.577769999996
421,2011-04-07 14:32,Japan,38.2,140.0,7.1,,,2011,4,2010,23.0,spring,True,Major,2010,352.6,48387.577769999996
422,2011-09-23 10:41,Turkey,38.6,43.5,7.1,,601.0,2011,9,2010,12.0,authumn,False,Major,2010,94.0,10538.72106
